"CCS_ID","TP","FP","FN","Precision","Recall","F1","Accuracy","track","model"
1,16,10,2,0.615,0.889,0.727,0.571,"10_9","ClinicalBERT"
2,1,0,0,1,1,1,1,"10_9","ClinicalBERT"
3,1,1,0,0.5,1,0.667,0.5,"10_9","ClinicalBERT"
4,3,7,6,0.3,0.333,0.316,0.188,"10_9","ClinicalBERT"
5,1,0,0,1,1,1,1,"10_9","ClinicalBERT"
6,2,0,1,1,0.667,0.8,0.667,"10_9","ClinicalBERT"
7,1,0,0,1,1,1,1,"10_9","ClinicalBERT"
8,1,1,0,0.5,1,0.667,0.5,"10_9","ClinicalBERT"
9,5,2,2,0.714,0.714,0.714,0.556,"10_9","ClinicalBERT"
10,5,11,11,0.312,0.312,0.312,0.185,"10_9","ClinicalBERT"
11,2,1,2,0.667,0.5,0.572,0.4,"10_9","ClinicalBERT"
12,1,0,0,1,1,1,1,"10_9","ClinicalBERT"
13,1,0,0,1,1,1,1,"10_9","ClinicalBERT"
14,2,2,0,0.5,1,0.667,0.5,"10_9","ClinicalBERT"
15,1,0,0,1,1,1,1,"10_9","ClinicalBERT"
16,3,2,3,0.6,0.5,0.545,0.375,"10_9","ClinicalBERT"
17,1,0,0,1,1,1,1,"10_9","ClinicalBERT"
18,1,1,0,0.5,1,0.667,0.5,"10_9","ClinicalBERT"
19,2,1,0,0.667,1,0.8,0.667,"10_9","ClinicalBERT"
20,1,1,0,0.5,1,0.667,0.5,"10_9","ClinicalBERT"
21,2,0,2,1,0.5,0.667,0.5,"10_9","ClinicalBERT"
22,1,3,2,0.25,0.333,0.286,0.167,"10_9","ClinicalBERT"
23,1,1,0,0.5,1,0.667,0.5,"10_9","ClinicalBERT"
24,2,4,1,0.333,0.667,0.444,0.286,"10_9","ClinicalBERT"
25,1,1,3,0.5,0.25,0.333,0.2,"10_9","ClinicalBERT"
26,3,1,6,0.75,0.333,0.461,0.3,"10_9","ClinicalBERT"
27,1,0,0,1,1,1,1,"10_9","ClinicalBERT"
28,5,4,2,0.556,0.714,0.625,0.455,"10_9","ClinicalBERT"
29,2,0,0,1,1,1,1,"10_9","ClinicalBERT"
30,2,2,6,0.5,0.25,0.333,0.2,"10_9","ClinicalBERT"
31,5,7,10,0.417,0.333,0.37,0.227,"10_9","ClinicalBERT"
32,2,0,2,1,0.5,0.667,0.5,"10_9","ClinicalBERT"
33,4,6,22,0.4,0.154,0.222,0.125,"10_9","ClinicalBERT"
34,3,4,8,0.429,0.273,0.334,0.2,"10_9","ClinicalBERT"
35,4,7,30,0.364,0.118,0.178,0.098,"10_9","ClinicalBERT"
36,1,1,4,0.5,0.2,0.286,0.167,"10_9","ClinicalBERT"
37,1,1,1,0.5,0.5,0.5,0.333,"10_9","ClinicalBERT"
38,6,4,7,0.6,0.462,0.522,0.353,"10_9","ClinicalBERT"
39,5,0,11,1,0.312,0.476,0.312,"10_9","ClinicalBERT"
40,2,1,12,0.667,0.143,0.236,0.133,"10_9","ClinicalBERT"
41,6,1,25,0.857,0.194,0.316,0.188,"10_9","ClinicalBERT"
42,3,1,8,0.75,0.273,0.4,0.25,"10_9","ClinicalBERT"
43,4,1,16,0.8,0.2,0.32,0.19,"10_9","ClinicalBERT"
44,1,0,0,1,1,1,1,"10_9","ClinicalBERT"
45,1,0,5,1,0.167,0.286,0.167,"10_9","ClinicalBERT"
46,4,1,8,0.8,0.333,0.47,0.308,"10_9","ClinicalBERT"
47,1,0,1,1,0.5,0.667,0.5,"10_9","ClinicalBERT"
48,2,0,2,1,0.5,0.667,0.5,"10_9","ClinicalBERT"
49,3,2,9,0.6,0.25,0.353,0.214,"10_9","ClinicalBERT"
50,15,6,27,0.714,0.357,0.476,0.312,"10_9","ClinicalBERT"
51,1,0,2,1,0.333,0.5,0.333,"10_9","ClinicalBERT"
52,1,0,1,1,0.5,0.667,0.5,"10_9","ClinicalBERT"
53,1,0,0,1,1,1,1,"10_9","ClinicalBERT"
54,4,1,2,0.8,0.667,0.727,0.571,"10_9","ClinicalBERT"
55,1,1,1,0.5,0.5,0.5,0.333,"10_9","ClinicalBERT"
56,9,3,21,0.75,0.3,0.429,0.273,"10_9","ClinicalBERT"
57,1,1,5,0.5,0.167,0.25,0.143,"10_9","ClinicalBERT"
58,1,0,2,1,0.333,0.5,0.333,"10_9","ClinicalBERT"
59,2,0,1,1,0.667,0.8,0.667,"10_9","ClinicalBERT"
60,0,1,1,0,0,0,0,"10_9","ClinicalBERT"
61,5,0,2,1,0.714,0.833,0.714,"10_9","ClinicalBERT"
62,3,1,5,0.75,0.375,0.5,0.333,"10_9","ClinicalBERT"
63,1,1,2,0.5,0.333,0.4,0.25,"10_9","ClinicalBERT"
64,3,3,6,0.5,0.333,0.4,0.25,"10_9","ClinicalBERT"
65,1,5,13,0.167,0.071,0.1,0.053,"10_9","ClinicalBERT"
66,1,1,0,0.5,1,0.667,0.5,"10_9","ClinicalBERT"
67,3,4,1,0.429,0.75,0.546,0.375,"10_9","ClinicalBERT"
68,1,0,2,1,0.333,0.5,0.333,"10_9","ClinicalBERT"
69,2,4,3,0.333,0.4,0.363,0.222,"10_9","ClinicalBERT"
70,2,4,2,0.333,0.5,0.4,0.25,"10_9","ClinicalBERT"
71,1,0,1,1,0.5,0.667,0.5,"10_9","ClinicalBERT"
72,3,0,3,1,0.5,0.667,0.5,"10_9","ClinicalBERT"
73,1,1,6,0.5,0.143,0.222,0.125,"10_9","ClinicalBERT"
74,5,6,6,0.455,0.455,0.455,0.294,"10_9","ClinicalBERT"
75,0,2,1,0,0,0,0,"10_9","ClinicalBERT"
76,2,3,3,0.4,0.4,0.4,0.25,"10_9","ClinicalBERT"
77,7,4,6,0.636,0.538,0.583,0.412,"10_9","ClinicalBERT"
78,1,1,0,0.5,1,0.667,0.5,"10_9","ClinicalBERT"
79,1,2,0,0.333,1,0.5,0.333,"10_9","ClinicalBERT"
80,4,1,4,0.8,0.5,0.615,0.444,"10_9","ClinicalBERT"
81,2,3,5,0.4,0.286,0.334,0.2,"10_9","ClinicalBERT"
82,1,0,0,1,1,1,1,"10_9","ClinicalBERT"
83,1,0,0,1,1,1,1,"10_9","ClinicalBERT"
84,3,1,3,0.75,0.5,0.6,0.429,"10_9","ClinicalBERT"
85,1,0,0,1,1,1,1,"10_9","ClinicalBERT"
86,6,9,4,0.4,0.6,0.48,0.316,"10_9","ClinicalBERT"
87,3,4,2,0.429,0.6,0.5,0.333,"10_9","ClinicalBERT"
88,1,0,6,1,0.143,0.25,0.143,"10_9","ClinicalBERT"
89,2,2,2,0.5,0.5,0.5,0.333,"10_9","ClinicalBERT"
90,1,0,3,1,0.25,0.4,0.25,"10_9","ClinicalBERT"
91,4,4,0,0.5,1,0.667,0.5,"10_9","ClinicalBERT"
92,1,1,0,0.5,1,0.667,0.5,"10_9","ClinicalBERT"
93,1,2,0,0.333,1,0.5,0.333,"10_9","ClinicalBERT"
94,2,1,0,0.667,1,0.8,0.667,"10_9","ClinicalBERT"
95,1,0,1,1,0.5,0.667,0.5,"10_9","ClinicalBERT"
96,1,0,0,1,1,1,1,"10_9","ClinicalBERT"
97,2,0,4,1,0.333,0.5,0.333,"10_9","ClinicalBERT"
98,3,1,10,0.75,0.231,0.353,0.214,"10_9","ClinicalBERT"
99,2,2,3,0.5,0.4,0.444,0.286,"10_9","ClinicalBERT"
100,1,1,2,0.5,0.333,0.4,0.25,"10_9","ClinicalBERT"
101,2,8,14,0.2,0.125,0.154,0.083,"10_9","ClinicalBERT"
102,1,1,0,0.5,1,0.667,0.5,"10_9","ClinicalBERT"
103,2,1,7,0.667,0.222,0.333,0.2,"10_9","ClinicalBERT"
104,2,0,8,1,0.2,0.333,0.2,"10_9","ClinicalBERT"
105,1,0,0,1,1,1,1,"10_9","ClinicalBERT"
106,2,3,1,0.4,0.667,0.5,0.333,"10_9","ClinicalBERT"
107,1,1,0,0.5,1,0.667,0.5,"10_9","ClinicalBERT"
108,6,7,8,0.462,0.429,0.445,0.286,"10_9","ClinicalBERT"
109,1,1,3,0.5,0.25,0.333,0.2,"10_9","ClinicalBERT"
110,1,0,1,1,0.5,0.667,0.5,"10_9","ClinicalBERT"
111,1,0,1,1,0.5,0.667,0.5,"10_9","ClinicalBERT"
112,1,1,0,0.5,1,0.667,0.5,"10_9","ClinicalBERT"
113,0,1,2,0,0,0,0,"10_9","ClinicalBERT"
114,4,1,19,0.8,0.174,0.286,0.167,"10_9","ClinicalBERT"
115,2,0,14,1,0.125,0.222,0.125,"10_9","ClinicalBERT"
116,1,1,2,0.5,0.333,0.4,0.25,"10_9","ClinicalBERT"
117,1,0,5,1,0.167,0.286,0.167,"10_9","ClinicalBERT"
118,3,6,15,0.333,0.167,0.222,0.125,"10_9","ClinicalBERT"
119,1,1,4,0.5,0.2,0.286,0.167,"10_9","ClinicalBERT"
120,1,1,5,0.5,0.167,0.25,0.143,"10_9","ClinicalBERT"
121,3,3,7,0.5,0.3,0.375,0.231,"10_9","ClinicalBERT"
122,1,1,4,0.5,0.2,0.286,0.167,"10_9","ClinicalBERT"
123,3,2,17,0.6,0.15,0.24,0.136,"10_9","ClinicalBERT"
124,1,0,0,1,1,1,1,"10_9","ClinicalBERT"
125,1,0,4,1,0.2,0.333,0.2,"10_9","ClinicalBERT"
126,3,1,7,0.75,0.3,0.429,0.273,"10_9","ClinicalBERT"
127,11,6,45,0.647,0.196,0.301,0.177,"10_9","ClinicalBERT"
128,2,3,9,0.4,0.182,0.25,0.143,"10_9","ClinicalBERT"
129,3,1,5,0.75,0.375,0.5,0.333,"10_9","ClinicalBERT"
130,4,0,9,1,0.308,0.471,0.308,"10_9","ClinicalBERT"
1,16,2,2,0.889,0.889,0.889,0.8,"10_9","SapBERT"
2,1,0,0,1,1,1,1,"10_9","SapBERT"
3,1,0,0,1,1,1,1,"10_9","SapBERT"
4,6,5,3,0.545,0.667,0.6,0.429,"10_9","SapBERT"
5,1,0,0,1,1,1,1,"10_9","SapBERT"
6,2,0,1,1,0.667,0.8,0.667,"10_9","SapBERT"
7,1,0,0,1,1,1,1,"10_9","SapBERT"
8,1,0,0,1,1,1,1,"10_9","SapBERT"
9,4,3,3,0.571,0.571,0.571,0.4,"10_9","SapBERT"
10,8,7,8,0.533,0.5,0.516,0.348,"10_9","SapBERT"
11,2,0,2,1,0.5,0.667,0.5,"10_9","SapBERT"
12,1,0,0,1,1,1,1,"10_9","SapBERT"
13,1,0,0,1,1,1,1,"10_9","SapBERT"
14,2,2,0,0.5,1,0.667,0.5,"10_9","SapBERT"
15,1,0,0,1,1,1,1,"10_9","SapBERT"
16,4,0,2,1,0.667,0.8,0.667,"10_9","SapBERT"
17,1,0,0,1,1,1,1,"10_9","SapBERT"
18,1,0,0,1,1,1,1,"10_9","SapBERT"
19,2,0,0,1,1,1,1,"10_9","SapBERT"
20,1,0,0,1,1,1,1,"10_9","SapBERT"
21,1,0,3,1,0.25,0.4,0.25,"10_9","SapBERT"
22,2,1,1,0.667,0.667,0.667,0.5,"10_9","SapBERT"
23,1,0,0,1,1,1,1,"10_9","SapBERT"
24,3,1,0,0.75,1,0.857,0.75,"10_9","SapBERT"
25,0,2,4,0,0,0,0,"10_9","SapBERT"
26,4,0,5,1,0.444,0.615,0.444,"10_9","SapBERT"
27,1,0,0,1,1,1,1,"10_9","SapBERT"
28,6,4,1,0.6,0.857,0.706,0.545,"10_9","SapBERT"
29,2,0,0,1,1,1,1,"10_9","SapBERT"
30,3,2,5,0.6,0.375,0.462,0.3,"10_9","SapBERT"
31,7,4,8,0.636,0.467,0.539,0.368,"10_9","SapBERT"
32,3,0,1,1,0.75,0.857,0.75,"10_9","SapBERT"
33,9,5,17,0.643,0.346,0.45,0.29,"10_9","SapBERT"
34,5,4,6,0.556,0.455,0.5,0.333,"10_9","SapBERT"
35,8,5,26,0.615,0.235,0.34,0.205,"10_9","SapBERT"
36,1,1,4,0.5,0.2,0.286,0.167,"10_9","SapBERT"
37,1,1,1,0.5,0.5,0.5,0.333,"10_9","SapBERT"
38,6,1,7,0.857,0.462,0.6,0.429,"10_9","SapBERT"
39,6,0,10,1,0.375,0.545,0.375,"10_9","SapBERT"
40,3,2,11,0.6,0.214,0.315,0.188,"10_9","SapBERT"
41,6,3,25,0.667,0.194,0.301,0.176,"10_9","SapBERT"
42,5,0,6,1,0.455,0.625,0.455,"10_9","SapBERT"
43,6,0,14,1,0.3,0.462,0.3,"10_9","SapBERT"
44,1,0,0,1,1,1,1,"10_9","SapBERT"
45,1,1,5,0.5,0.167,0.25,0.143,"10_9","SapBERT"
46,4,2,8,0.667,0.333,0.444,0.286,"10_9","SapBERT"
47,1,0,1,1,0.5,0.667,0.5,"10_9","SapBERT"
48,2,0,2,1,0.5,0.667,0.5,"10_9","SapBERT"
49,6,4,6,0.6,0.5,0.545,0.375,"10_9","SapBERT"
50,20,6,22,0.769,0.476,0.588,0.417,"10_9","SapBERT"
51,1,0,2,1,0.333,0.5,0.333,"10_9","SapBERT"
52,1,0,1,1,0.5,0.667,0.5,"10_9","SapBERT"
53,1,0,0,1,1,1,1,"10_9","SapBERT"
54,4,0,2,1,0.667,0.8,0.667,"10_9","SapBERT"
55,1,0,1,1,0.5,0.667,0.5,"10_9","SapBERT"
56,15,2,15,0.882,0.5,0.638,0.469,"10_9","SapBERT"
57,3,1,3,0.75,0.5,0.6,0.429,"10_9","SapBERT"
58,1,0,2,1,0.333,0.5,0.333,"10_9","SapBERT"
59,2,0,1,1,0.667,0.8,0.667,"10_9","SapBERT"
60,1,2,0,0.333,1,0.5,0.333,"10_9","SapBERT"
61,6,0,1,1,0.857,0.923,0.857,"10_9","SapBERT"
62,3,1,5,0.75,0.375,0.5,0.333,"10_9","SapBERT"
63,2,0,1,1,0.667,0.8,0.667,"10_9","SapBERT"
64,3,4,6,0.429,0.333,0.375,0.231,"10_9","SapBERT"
65,2,8,12,0.2,0.143,0.167,0.091,"10_9","SapBERT"
66,1,0,0,1,1,1,1,"10_9","SapBERT"
67,3,5,1,0.375,0.75,0.5,0.333,"10_9","SapBERT"
68,1,0,2,1,0.333,0.5,0.333,"10_9","SapBERT"
69,3,4,2,0.429,0.6,0.5,0.333,"10_9","SapBERT"
70,3,4,1,0.429,0.75,0.546,0.375,"10_9","SapBERT"
71,2,1,0,0.667,1,0.8,0.667,"10_9","SapBERT"
72,3,0,3,1,0.5,0.667,0.5,"10_9","SapBERT"
73,1,2,6,0.333,0.143,0.2,0.111,"10_9","SapBERT"
74,5,4,6,0.556,0.455,0.5,0.333,"10_9","SapBERT"
75,0,3,1,0,0,0,0,"10_9","SapBERT"
76,2,2,3,0.5,0.4,0.444,0.286,"10_9","SapBERT"
77,7,3,6,0.7,0.538,0.608,0.438,"10_9","SapBERT"
78,1,1,0,0.5,1,0.667,0.5,"10_9","SapBERT"
79,1,1,0,0.5,1,0.667,0.5,"10_9","SapBERT"
80,4,1,4,0.8,0.5,0.615,0.444,"10_9","SapBERT"
81,4,5,3,0.444,0.571,0.5,0.333,"10_9","SapBERT"
82,1,0,0,1,1,1,1,"10_9","SapBERT"
83,1,0,0,1,1,1,1,"10_9","SapBERT"
84,5,1,1,0.833,0.833,0.833,0.714,"10_9","SapBERT"
85,1,0,0,1,1,1,1,"10_9","SapBERT"
86,8,5,2,0.615,0.8,0.695,0.533,"10_9","SapBERT"
87,2,5,3,0.286,0.4,0.334,0.2,"10_9","SapBERT"
88,2,0,5,1,0.286,0.445,0.286,"10_9","SapBERT"
89,2,2,2,0.5,0.5,0.5,0.333,"10_9","SapBERT"
90,2,0,2,1,0.5,0.667,0.5,"10_9","SapBERT"
91,4,4,0,0.5,1,0.667,0.5,"10_9","SapBERT"
92,1,0,0,1,1,1,1,"10_9","SapBERT"
93,1,0,0,1,1,1,1,"10_9","SapBERT"
94,2,0,0,1,1,1,1,"10_9","SapBERT"
95,1,0,1,1,0.5,0.667,0.5,"10_9","SapBERT"
96,1,0,0,1,1,1,1,"10_9","SapBERT"
97,2,0,4,1,0.333,0.5,0.333,"10_9","SapBERT"
98,5,3,8,0.625,0.385,0.476,0.312,"10_9","SapBERT"
99,2,2,3,0.5,0.4,0.444,0.286,"10_9","SapBERT"
100,2,0,1,1,0.667,0.8,0.667,"10_9","SapBERT"
101,5,10,11,0.333,0.312,0.322,0.192,"10_9","SapBERT"
102,1,2,0,0.333,1,0.5,0.333,"10_9","SapBERT"
103,2,2,7,0.5,0.222,0.307,0.182,"10_9","SapBERT"
104,3,1,7,0.75,0.3,0.429,0.273,"10_9","SapBERT"
105,1,0,0,1,1,1,1,"10_9","SapBERT"
106,2,0,1,1,0.667,0.8,0.667,"10_9","SapBERT"
107,1,1,0,0.5,1,0.667,0.5,"10_9","SapBERT"
108,7,3,7,0.7,0.5,0.583,0.412,"10_9","SapBERT"
109,2,0,2,1,0.5,0.667,0.5,"10_9","SapBERT"
110,1,0,1,1,0.5,0.667,0.5,"10_9","SapBERT"
111,1,1,1,0.5,0.5,0.5,0.333,"10_9","SapBERT"
112,1,2,0,0.333,1,0.5,0.333,"10_9","SapBERT"
113,1,1,1,0.5,0.5,0.5,0.333,"10_9","SapBERT"
114,5,0,18,1,0.217,0.357,0.217,"10_9","SapBERT"
115,2,1,14,0.667,0.125,0.211,0.118,"10_9","SapBERT"
116,1,0,2,1,0.333,0.5,0.333,"10_9","SapBERT"
117,2,0,4,1,0.333,0.5,0.333,"10_9","SapBERT"
118,5,4,13,0.556,0.278,0.371,0.227,"10_9","SapBERT"
119,2,0,3,1,0.4,0.571,0.4,"10_9","SapBERT"
120,1,1,5,0.5,0.167,0.25,0.143,"10_9","SapBERT"
121,6,1,4,0.857,0.6,0.706,0.545,"10_9","SapBERT"
122,1,0,4,1,0.2,0.333,0.2,"10_9","SapBERT"
123,5,0,15,1,0.25,0.4,0.25,"10_9","SapBERT"
124,1,0,0,1,1,1,1,"10_9","SapBERT"
125,1,0,4,1,0.2,0.333,0.2,"10_9","SapBERT"
126,4,0,6,1,0.4,0.571,0.4,"10_9","SapBERT"
127,16,3,40,0.842,0.286,0.427,0.271,"10_9","SapBERT"
128,3,2,8,0.6,0.273,0.375,0.231,"10_9","SapBERT"
129,3,0,5,1,0.375,0.545,0.375,"10_9","SapBERT"
130,3,0,10,1,0.231,0.375,0.231,"10_9","SapBERT"
