"icd9","top_target","top_frequency","track","track_label"
"140","C00",43,"10_9","ICD-9-CM to ICD-10-CA"
"141","C02",858,"10_9","ICD-9-CM to ICD-10-CA"
"142","C07",180,"10_9","ICD-9-CM to ICD-10-CA"
"143","C03",25,"10_9","ICD-9-CM to ICD-10-CA"
"144","C04",62,"10_9","ICD-9-CM to ICD-10-CA"
"145","C06",225,"10_9","ICD-9-CM to ICD-10-CA"
"146","C09",230,"10_9","ICD-9-CM to ICD-10-CA"
"147","C11",230,"10_9","ICD-9-CM to ICD-10-CA"
"148","C13",110,"10_9","ICD-9-CM to ICD-10-CA"
"149","C78",90,"10_9","ICD-9-CM to ICD-10-CA"
"150","C15",5855,"10_9","ICD-9-CM to ICD-10-CA"
"151","C16",5651,"10_9","ICD-9-CM to ICD-10-CA"
"152","C17",532,"10_9","ICD-9-CM to ICD-10-CA"
"153","C18",23624,"10_9","ICD-9-CM to ICD-10-CA"
"154","C20",8601,"10_9","ICD-9-CM to ICD-10-CA"
"155","C22",4579,"10_9","ICD-9-CM to ICD-10-CA"
"156","C78",1004,"10_9","ICD-9-CM to ICD-10-CA"
"157","C25",13417,"10_9","ICD-9-CM to ICD-10-CA"
"158","C78",291,"10_9","ICD-9-CM to ICD-10-CA"
"159","C78",1128,"10_9","ICD-9-CM to ICD-10-CA"
"160","C31",151,"10_9","ICD-9-CM to ICD-10-CA"
"161","C32",1002,"10_9","ICD-9-CM to ICD-10-CA"
"162","C34",53951,"10_9","ICD-9-CM to ICD-10-CA"
"163","C45",445,"10_9","ICD-9-CM to ICD-10-CA"
"164","C79",75,"10_9","ICD-9-CM to ICD-10-CA"
"165","C34",65,"10_9","ICD-9-CM to ICD-10-CA"
"170","C40",3104,"10_9","ICD-9-CM to ICD-10-CA"
"171","C49",2258,"10_9","ICD-9-CM to ICD-10-CA"
"172","C43",1766,"10_9","ICD-9-CM to ICD-10-CA"
"174","C50",20107,"10_9","ICD-9-CM to ICD-10-CA"
"175","C79",131,"10_9","ICD-9-CM to ICD-10-CA"
"176","C49",93,"10_9","ICD-9-CM to ICD-10-CA"
"179","C54",920,"10_9","ICD-9-CM to ICD-10-CA"
"180","C53",3658,"10_9","ICD-9-CM to ICD-10-CA"
"181","C58",146,"10_9","ICD-9-CM to ICD-10-CA"
"182","C54",5642,"10_9","ICD-9-CM to ICD-10-CA"
"183","C56",9106,"10_9","ICD-9-CM to ICD-10-CA"
"184","C51",1093,"10_9","ICD-9-CM to ICD-10-CA"
"185","C61",20064,"10_9","ICD-9-CM to ICD-10-CA"
"186","C62",855,"10_9","ICD-9-CM to ICD-10-CA"
"187","C60",311,"10_9","ICD-9-CM to ICD-10-CA"
"188","C67",9670,"10_9","ICD-9-CM to ICD-10-CA"
"189","C64",7387,"10_9","ICD-9-CM to ICD-10-CA"
"190","C49",62,"10_9","ICD-9-CM to ICD-10-CA"
"191","C71",7101,"10_9","ICD-9-CM to ICD-10-CA"
"192","C79",142,"10_9","ICD-9-CM to ICD-10-CA"
"193","C73",1782,"10_9","ICD-9-CM to ICD-10-CA"
"194","C74",333,"10_9","ICD-9-CM to ICD-10-CA"
"195","I10",470,"10_9","ICD-9-CM to ICD-10-CA"
"196","C34",101,"10_9","ICD-9-CM to ICD-10-CA"
"197","C78",6068,"10_9","ICD-9-CM to ICD-10-CA"
"198","C79",5608,"10_9","ICD-9-CM to ICD-10-CA"
"199","C78",8750,"10_9","ICD-9-CM to ICD-10-CA"
"200","C83",1634,"10_9","ICD-9-CM to ICD-10-CA"
"201","C81",1467,"10_9","ICD-9-CM to ICD-10-CA"
"202","C83",11252,"10_9","ICD-9-CM to ICD-10-CA"
"203","C90",13900,"10_9","ICD-9-CM to ICD-10-CA"
"204","C91",7880,"10_9","ICD-9-CM to ICD-10-CA"
"205","C92",8384,"10_9","ICD-9-CM to ICD-10-CA"
"206","C92",1095,"10_9","ICD-9-CM to ICD-10-CA"
"207","C92",31,"10_9","ICD-9-CM to ICD-10-CA"
"208","C91",3258,"10_9","ICD-9-CM to ICD-10-CA"
"209","C78",506,"10_9","ICD-9-CM to ICD-10-CA"
"225","D32",1063,"10_9","ICD-9-CM to ICD-10-CA"
"230","C18",2738,"10_9","ICD-9-CM to ICD-10-CA"
"231","C34",3647,"10_9","ICD-9-CM to ICD-10-CA"
"233","C79",1913,"10_9","ICD-9-CM to ICD-10-CA"
"234","C79",175,"10_9","ICD-9-CM to ICD-10-CA"
"237","I10",404,"10_9","ICD-9-CM to ICD-10-CA"
"238","D46",1601,"10_9","ICD-9-CM to ICD-10-CA"
"239","I10",4862,"10_9","ICD-9-CM to ICD-10-CA"
"240","E04",226,"10_9","ICD-9-CM to ICD-10-CA"
"241","E04",752,"10_9","ICD-9-CM to ICD-10-CA"
"242","E05",1635,"10_9","ICD-9-CM to ICD-10-CA"
"243","E03",19,"10_9","ICD-9-CM to ICD-10-CA"
"244","I10",3267,"10_9","ICD-9-CM to ICD-10-CA"
"245","E05",53,"10_9","ICD-9-CM to ICD-10-CA"
"246","E11",274,"10_9","ICD-9-CM to ICD-10-CA"
"249","E11",1783,"10_9","ICD-9-CM to ICD-10-CA"
"250","E11",187210,"10_9","ICD-9-CM to ICD-10-CA"
"251","E11",8774,"10_9","ICD-9-CM to ICD-10-CA"
"252","E21",985,"10_9","ICD-9-CM to ICD-10-CA"
"253","E23",701,"10_9","ICD-9-CM to ICD-10-CA"
"254","M79",35,"10_9","ICD-9-CM to ICD-10-CA"
"255","E27",1473,"10_9","ICD-9-CM to ICD-10-CA"
"256","N83",81,"10_9","ICD-9-CM to ICD-10-CA"
"257","E11",81,"10_9","ICD-9-CM to ICD-10-CA"
"258","E11",28,"10_9","ICD-9-CM to ICD-10-CA"
"259","C78",113,"10_9","ICD-9-CM to ICD-10-CA"
"262","E11",33,"10_9","ICD-9-CM to ICD-10-CA"
"263","K56",4213,"10_9","ICD-9-CM to ICD-10-CA"
"268","E11",129,"10_9","ICD-9-CM to ICD-10-CA"
"270","E87",113,"10_9","ICD-9-CM to ICD-10-CA"
"271","E87",88,"10_9","ICD-9-CM to ICD-10-CA"
"272","E11",5732,"10_9","ICD-9-CM to ICD-10-CA"
"273","C88",390,"10_9","ICD-9-CM to ICD-10-CA"
"274","M10",3540,"10_9","ICD-9-CM to ICD-10-CA"
"275","E83",4795,"10_9","ICD-9-CM to ICD-10-CA"
"277","E84",4985,"10_9","ICD-9-CM to ICD-10-CA"
"278","E66",6586,"10_9","ICD-9-CM to ICD-10-CA"
"279","E11",215,"10_9","ICD-9-CM to ICD-10-CA"
"280","E11",3991,"10_9","ICD-9-CM to ICD-10-CA"
"282","D57",1019,"10_9","ICD-9-CM to ICD-10-CA"
"283","D59",907,"10_9","ICD-9-CM to ICD-10-CA"
"284","D61",3049,"10_9","ICD-9-CM to ICD-10-CA"
"285","E11",21741,"10_9","ICD-9-CM to ICD-10-CA"
"286","I10",5495,"10_9","ICD-9-CM to ICD-10-CA"
"287","D69",4575,"10_9","ICD-9-CM to ICD-10-CA"
"288","D70",6474,"10_9","ICD-9-CM to ICD-10-CA"
"289","E11",904,"10_9","ICD-9-CM to ICD-10-CA"
"290","F03",34933,"10_9","ICD-9-CM to ICD-10-CA"
"291","F10",16554,"10_9","ICD-9-CM to ICD-10-CA"
"292","F15",4615,"10_9","ICD-9-CM to ICD-10-CA"
"294","F03",20931,"10_9","ICD-9-CM to ICD-10-CA"
"295","F20",98409,"10_9","ICD-9-CM to ICD-10-CA"
"296","F31",65169,"10_9","ICD-9-CM to ICD-10-CA"
"297","F22",4140,"10_9","ICD-9-CM to ICD-10-CA"
"298","F29",25380,"10_9","ICD-9-CM to ICD-10-CA"
"299","F84",1728,"10_9","ICD-9-CM to ICD-10-CA"
"300","F41",18348,"10_9","ICD-9-CM to ICD-10-CA"
"301","F60",23027,"10_9","ICD-9-CM to ICD-10-CA"
"303","F10",16022,"10_9","ICD-9-CM to ICD-10-CA"
"304","F11",5972,"10_9","ICD-9-CM to ICD-10-CA"
"305","F10",29925,"10_9","ICD-9-CM to ICD-10-CA"
"306","I10",43,"10_9","ICD-9-CM to ICD-10-CA"
"307","F50",10850,"10_9","ICD-9-CM to ICD-10-CA"
"308","F43",740,"10_9","ICD-9-CM to ICD-10-CA"
"309","F43",19509,"10_9","ICD-9-CM to ICD-10-CA"
"310","S06",149,"10_9","ICD-9-CM to ICD-10-CA"
"311","F32",31953,"10_9","ICD-9-CM to ICD-10-CA"
"312","F91",603,"10_9","ICD-9-CM to ICD-10-CA"
"314","F90",2699,"10_9","ICD-9-CM to ICD-10-CA"
"315","E11",96,"10_9","ICD-9-CM to ICD-10-CA"
"317","F70",198,"10_9","ICD-9-CM to ICD-10-CA"
"318","F71",136,"10_9","ICD-9-CM to ICD-10-CA"
"319","F81",419,"10_9","ICD-9-CM to ICD-10-CA"
"327","G47",3108,"10_9","ICD-9-CM to ICD-10-CA"
"330","E75",147,"10_9","ICD-9-CM to ICD-10-CA"
"331","E11",3800,"10_9","ICD-9-CM to ICD-10-CA"
"332","G20",10620,"10_9","ICD-9-CM to ICD-10-CA"
"333","E11",1189,"10_9","ICD-9-CM to ICD-10-CA"
"334","E11",231,"10_9","ICD-9-CM to ICD-10-CA"
"335","G12",2090,"10_9","ICD-9-CM to ICD-10-CA"
"336","E11",737,"10_9","ICD-9-CM to ICD-10-CA"
"337","E11",258,"10_9","ICD-9-CM to ICD-10-CA"
"338","E11",13431,"10_9","ICD-9-CM to ICD-10-CA"
"339","E11",54,"10_9","ICD-9-CM to ICD-10-CA"
"340","G35",6559,"10_9","ICD-9-CM to ICD-10-CA"
"341","G37",267,"10_9","ICD-9-CM to ICD-10-CA"
"342","G81",338,"10_9","ICD-9-CM to ICD-10-CA"
"343","G80",710,"10_9","ICD-9-CM to ICD-10-CA"
"344","G82",1658,"10_9","ICD-9-CM to ICD-10-CA"
"345","G40",6724,"10_9","ICD-9-CM to ICD-10-CA"
"346","G43",2435,"10_9","ICD-9-CM to ICD-10-CA"
"347","G47",23,"10_9","ICD-9-CM to ICD-10-CA"
"348","E11",3377,"10_9","ICD-9-CM to ICD-10-CA"
"353","E11",364,"10_9","ICD-9-CM to ICD-10-CA"
"354","E11",629,"10_9","ICD-9-CM to ICD-10-CA"
"355","E11",1141,"10_9","ICD-9-CM to ICD-10-CA"
"356","E11",1492,"10_9","ICD-9-CM to ICD-10-CA"
"357","G61",2009,"10_9","ICD-9-CM to ICD-10-CA"
"358","G70",1616,"10_9","ICD-9-CM to ICD-10-CA"
"359","G71",954,"10_9","ICD-9-CM to ICD-10-CA"
"360","H44",446,"10_9","ICD-9-CM to ICD-10-CA"
"361","H33",3266,"10_9","ICD-9-CM to ICD-10-CA"
"362","E11",4495,"10_9","ICD-9-CM to ICD-10-CA"
"363","E11",69,"10_9","ICD-9-CM to ICD-10-CA"
"364","S05",339,"10_9","ICD-9-CM to ICD-10-CA"
"365","E11",2708,"10_9","ICD-9-CM to ICD-10-CA"
"366","E11",2592,"10_9","ICD-9-CM to ICD-10-CA"
"369","E11",383,"10_9","ICD-9-CM to ICD-10-CA"
"370","H16",2464,"10_9","ICD-9-CM to ICD-10-CA"
"371","H18",287,"10_9","ICD-9-CM to ICD-10-CA"
"372","E11",624,"10_9","ICD-9-CM to ICD-10-CA"
"376","H05",823,"10_9","ICD-9-CM to ICD-10-CA"
"377","H46",363,"10_9","ICD-9-CM to ICD-10-CA"
"379","E11",2317,"10_9","ICD-9-CM to ICD-10-CA"
"380","E11",1296,"10_9","ICD-9-CM to ICD-10-CA"
"381","E11",191,"10_9","ICD-9-CM to ICD-10-CA"
"382","H66",593,"10_9","ICD-9-CM to ICD-10-CA"
"383","H70",334,"10_9","ICD-9-CM to ICD-10-CA"
"384","H72",45,"10_9","ICD-9-CM to ICD-10-CA"
"386","H81",1497,"10_9","ICD-9-CM to ICD-10-CA"
"389","E11",470,"10_9","ICD-9-CM to ICD-10-CA"
"393","E11",12,"10_9","ICD-9-CM to ICD-10-CA"
"394","I50",1048,"10_9","ICD-9-CM to ICD-10-CA"
"395","I35",350,"10_9","ICD-9-CM to ICD-10-CA"
"396","E11",1008,"10_9","ICD-9-CM to ICD-10-CA"
"397","I50",259,"10_9","ICD-9-CM to ICD-10-CA"
"398","I50",219,"10_9","ICD-9-CM to ICD-10-CA"
"401","I10",60992,"10_9","ICD-9-CM to ICD-10-CA"
"402","I10",973,"10_9","ICD-9-CM to ICD-10-CA"
"403","I10",523,"10_9","ICD-9-CM to ICD-10-CA"
"404","E11",913,"10_9","ICD-9-CM to ICD-10-CA"
"405","I10",113,"10_9","ICD-9-CM to ICD-10-CA"
"410","I21",92019,"10_9","ICD-9-CM to ICD-10-CA"
"411","I25",42021,"10_9","ICD-9-CM to ICD-10-CA"
"412","I21",487,"10_9","ICD-9-CM to ICD-10-CA"
"413","I25",14624,"10_9","ICD-9-CM to ICD-10-CA"
"414","I25",89130,"10_9","ICD-9-CM to ICD-10-CA"
"415","I26",17755,"10_9","ICD-9-CM to ICD-10-CA"
"416","I27",3188,"10_9","ICD-9-CM to ICD-10-CA"
"417","E11",71,"10_9","ICD-9-CM to ICD-10-CA"
"423","I31",2650,"10_9","ICD-9-CM to ICD-10-CA"
"424","E11",11689,"10_9","ICD-9-CM to ICD-10-CA"
"425","I50",4114,"10_9","ICD-9-CM to ICD-10-CA"
"426","I44",10670,"10_9","ICD-9-CM to ICD-10-CA"
"427","I48",86336,"10_9","ICD-9-CM to ICD-10-CA"
"428","I50",184414,"10_9","ICD-9-CM to ICD-10-CA"
"429","E11",3306,"10_9","ICD-9-CM to ICD-10-CA"
"430","I60",959,"10_9","ICD-9-CM to ICD-10-CA"
"431","I61",3731,"10_9","ICD-9-CM to ICD-10-CA"
"432","S06",4979,"10_9","ICD-9-CM to ICD-10-CA"
"433","I65",3939,"10_9","ICD-9-CM to ICD-10-CA"
"434","I63",18111,"10_9","ICD-9-CM to ICD-10-CA"
"435","G45",5404,"10_9","ICD-9-CM to ICD-10-CA"
"436","I63",68872,"10_9","ICD-9-CM to ICD-10-CA"
"437","I10",6468,"10_9","ICD-9-CM to ICD-10-CA"
"438","I63",1061,"10_9","ICD-9-CM to ICD-10-CA"
"440","E11",2940,"10_9","ICD-9-CM to ICD-10-CA"
"441","I71",8295,"10_9","ICD-9-CM to ICD-10-CA"
"442","I72",1017,"10_9","ICD-9-CM to ICD-10-CA"
"443","E11",12788,"10_9","ICD-9-CM to ICD-10-CA"
"444","E11",2794,"10_9","ICD-9-CM to ICD-10-CA"
"445","I74",16,"10_9","ICD-9-CM to ICD-10-CA"
"446","M31",1757,"10_9","ICD-9-CM to ICD-10-CA"
"447","E11",2367,"10_9","ICD-9-CM to ICD-10-CA"
"448","I78",55,"10_9","ICD-9-CM to ICD-10-CA"
"453","I80",6849,"10_9","ICD-9-CM to ICD-10-CA"
"456","K70",1087,"10_9","ICD-9-CM to ICD-10-CA"
"457","L03",362,"10_9","ICD-9-CM to ICD-10-CA"
"459","E11",11408,"10_9","ICD-9-CM to ICD-10-CA"
"472","E11",143,"10_9","ICD-9-CM to ICD-10-CA"
"473","J32",1535,"10_9","ICD-9-CM to ICD-10-CA"
"474","J35",3997,"10_9","ICD-9-CM to ICD-10-CA"
"476","E11",44,"10_9","ICD-9-CM to ICD-10-CA"
"477","I10",211,"10_9","ICD-9-CM to ICD-10-CA"
"478","J38",901,"10_9","ICD-9-CM to ICD-10-CA"
"491","J44",7247,"10_9","ICD-9-CM to ICD-10-CA"
"492","J44",2306,"10_9","ICD-9-CM to ICD-10-CA"
"493","J45",15147,"10_9","ICD-9-CM to ICD-10-CA"
"494","J47",2360,"10_9","ICD-9-CM to ICD-10-CA"
"495","I10",67,"10_9","ICD-9-CM to ICD-10-CA"
"496","J44",102867,"10_9","ICD-9-CM to ICD-10-CA"
"501","I10",57,"10_9","ICD-9-CM to ICD-10-CA"
"502","J44",10,"10_9","ICD-9-CM to ICD-10-CA"
"505","J18",7,"10_9","ICD-9-CM to ICD-10-CA"
"506","E11",382,"10_9","ICD-9-CM to ICD-10-CA"
"508","T59",58,"10_9","ICD-9-CM to ICD-10-CA"
"512","J93",5660,"10_9","ICD-9-CM to ICD-10-CA"
"514","E11",2077,"10_9","ICD-9-CM to ICD-10-CA"
"515","J84",5194,"10_9","ICD-9-CM to ICD-10-CA"
"516","J84",3378,"10_9","ICD-9-CM to ICD-10-CA"
"517","I10",192,"10_9","ICD-9-CM to ICD-10-CA"
"518","E11",13639,"10_9","ICD-9-CM to ICD-10-CA"
"523","E11",95,"10_9","ICD-9-CM to ICD-10-CA"
"525","K04",94,"10_9","ICD-9-CM to ICD-10-CA"
"530","E11",7013,"10_9","ICD-9-CM to ICD-10-CA"
"531","K25",1918,"10_9","ICD-9-CM to ICD-10-CA"
"532","K26",3030,"10_9","ICD-9-CM to ICD-10-CA"
"533","E11",952,"10_9","ICD-9-CM to ICD-10-CA"
"534","E11",73,"10_9","ICD-9-CM to ICD-10-CA"
"535","K29",4743,"10_9","ICD-9-CM to ICD-10-CA"
"537","K31",1484,"10_9","ICD-9-CM to ICD-10-CA"
"555","K50",15917,"10_9","ICD-9-CM to ICD-10-CA"
"556","K51",7640,"10_9","ICD-9-CM to ICD-10-CA"
"557","K55",3089,"10_9","ICD-9-CM to ICD-10-CA"
"558","E11",11111,"10_9","ICD-9-CM to ICD-10-CA"
"562","K57",24809,"10_9","ICD-9-CM to ICD-10-CA"
"564","K59",5446,"10_9","ICD-9-CM to ICD-10-CA"
"571","K70",20376,"10_9","ICD-9-CM to ICD-10-CA"
"572","E11",5703,"10_9","ICD-9-CM to ICD-10-CA"
"573","K70",3266,"10_9","ICD-9-CM to ICD-10-CA"
"575","K80",28514,"10_9","ICD-9-CM to ICD-10-CA"
"576","K80",6654,"10_9","ICD-9-CM to ICD-10-CA"
"577","K85",46002,"10_9","ICD-9-CM to ICD-10-CA"
"579","K90",279,"10_9","ICD-9-CM to ICD-10-CA"
"581","E11",1704,"10_9","ICD-9-CM to ICD-10-CA"
"582","N17",246,"10_9","ICD-9-CM to ICD-10-CA"
"583","E11",1244,"10_9","ICD-9-CM to ICD-10-CA"
"585","E11",108079,"10_9","ICD-9-CM to ICD-10-CA"
"586","E11",238548,"10_9","ICD-9-CM to ICD-10-CA"
"587","E11",76,"10_9","ICD-9-CM to ICD-10-CA"
"588","E11",263,"10_9","ICD-9-CM to ICD-10-CA"
"590","E11",8854,"10_9","ICD-9-CM to ICD-10-CA"
"595","N39",2042,"10_9","ICD-9-CM to ICD-10-CA"
"596","N32",742,"10_9","ICD-9-CM to ICD-10-CA"
"599","N39",66167,"10_9","ICD-9-CM to ICD-10-CA"
"600","N40",3535,"10_9","ICD-9-CM to ICD-10-CA"
"601","N41",555,"10_9","ICD-9-CM to ICD-10-CA"
"607","E11",483,"10_9","ICD-9-CM to ICD-10-CA"
"610","N61",79,"10_9","ICD-9-CM to ICD-10-CA"
"614","N73",2870,"10_9","ICD-9-CM to ICD-10-CA"
"615","O85",348,"10_9","ICD-9-CM to ICD-10-CA"
"617","N80",2761,"10_9","ICD-9-CM to ICD-10-CA"
"618","N81",12563,"10_9","ICD-9-CM to ICD-10-CA"
"619","N82",610,"10_9","ICD-9-CM to ICD-10-CA"
"621","D25",1009,"10_9","ICD-9-CM to ICD-10-CA"
"625","R10",1509,"10_9","ICD-9-CM to ICD-10-CA"
"626","N92",5411,"10_9","ICD-9-CM to ICD-10-CA"
"627","D25",963,"10_9","ICD-9-CM to ICD-10-CA"
"628","O00",61,"10_9","ICD-9-CM to ICD-10-CA"
"629","T81",35,"10_9","ICD-9-CM to ICD-10-CA"
"691","E11",142,"10_9","ICD-9-CM to ICD-10-CA"
"694","L12",347,"10_9","ICD-9-CM to ICD-10-CA"
"695","L51",463,"10_9","ICD-9-CM to ICD-10-CA"
"696","L40",1281,"10_9","ICD-9-CM to ICD-10-CA"
"701","M34",243,"10_9","ICD-9-CM to ICD-10-CA"
"705","L73",343,"10_9","ICD-9-CM to ICD-10-CA"
"707","E11",49799,"10_9","ICD-9-CM to ICD-10-CA"
"710","M32",4315,"10_9","ICD-9-CM to ICD-10-CA"
"712","M11",82,"10_9","ICD-9-CM to ICD-10-CA"
"713","E11",573,"10_9","ICD-9-CM to ICD-10-CA"
"714","M06",6191,"10_9","ICD-9-CM to ICD-10-CA"
"715","M17",60805,"10_9","ICD-9-CM to ICD-10-CA"
"716","I10",4003,"10_9","ICD-9-CM to ICD-10-CA"
"717","M17",1409,"10_9","ICD-9-CM to ICD-10-CA"
"718","I10",444,"10_9","ICD-9-CM to ICD-10-CA"
"719","E11",14984,"10_9","ICD-9-CM to ICD-10-CA"
"720","E11",368,"10_9","ICD-9-CM to ICD-10-CA"
"721","G99",1593,"10_9","ICD-9-CM to ICD-10-CA"
"722","M51",5058,"10_9","ICD-9-CM to ICD-10-CA"
"730","E11",28632,"10_9","ICD-9-CM to ICD-10-CA"
"731","E11",78,"10_9","ICD-9-CM to ICD-10-CA"
"732","M93",147,"10_9","ICD-9-CM to ICD-10-CA"
"733","E11",3850,"10_9","ICD-9-CM to ICD-10-CA"
"735","M20",362,"10_9","ICD-9-CM to ICD-10-CA"
"737","M41",1038,"10_9","ICD-9-CM to ICD-10-CA"
"741","Q05",175,"10_9","ICD-9-CM to ICD-10-CA"
"742","E11",527,"10_9","ICD-9-CM to ICD-10-CA"
"743","E11",18,"10_9","ICD-9-CM to ICD-10-CA"
"744","K07",830,"10_9","ICD-9-CM to ICD-10-CA"
"745","Q21",468,"10_9","ICD-9-CM to ICD-10-CA"
"746","E11",810,"10_9","ICD-9-CM to ICD-10-CA"
"747","I35",2755,"10_9","ICD-9-CM to ICD-10-CA"
"748","E11",148,"10_9","ICD-9-CM to ICD-10-CA"
"749","Q35",183,"10_9","ICD-9-CM to ICD-10-CA"
"750","K44",228,"10_9","ICD-9-CM to ICD-10-CA"
"751","Q43",200,"10_9","ICD-9-CM to ICD-10-CA"
"752","N83",149,"10_9","ICD-9-CM to ICD-10-CA"
"753","E11",14970,"10_9","ICD-9-CM to ICD-10-CA"
"754","Q67",88,"10_9","ICD-9-CM to ICD-10-CA"
"755","E11",144,"10_9","ICD-9-CM to ICD-10-CA"
"756","E11",279,"10_9","ICD-9-CM to ICD-10-CA"
"757","E65",229,"10_9","ICD-9-CM to ICD-10-CA"
"758","Q90",176,"10_9","ICD-9-CM to ICD-10-CA"
"759","Q87",142,"10_9","ICD-9-CM to ICD-10-CA"
"140","140",26,"8_9","ICD-9-CM to ICDA-8"
"141","141",36,"8_9","ICD-9-CM to ICDA-8"
"142","142",7,"8_9","ICD-9-CM to ICDA-8"
"143","199",10,"8_9","ICD-9-CM to ICDA-8"
"145","145",33,"8_9","ICD-9-CM to ICDA-8"
"146","162",17,"8_9","ICD-9-CM to ICDA-8"
"147","147",38,"8_9","ICD-9-CM to ICDA-8"
"149","149",15,"8_9","ICD-9-CM to ICDA-8"
"150","150",205,"8_9","ICD-9-CM to ICDA-8"
"151","151",650,"8_9","ICD-9-CM to ICDA-8"
"152","197",9,"8_9","ICD-9-CM to ICDA-8"
"153","153",983,"8_9","ICD-9-CM to ICDA-8"
"154","154",442,"8_9","ICD-9-CM to ICDA-8"
"155","197",42,"8_9","ICD-9-CM to ICDA-8"
"156","156",110,"8_9","ICD-9-CM to ICDA-8"
"157","157",533,"8_9","ICD-9-CM to ICDA-8"
"158","197",17,"8_9","ICD-9-CM to ICDA-8"
"159","197",13,"8_9","ICD-9-CM to ICDA-8"
"160","160",74,"8_9","ICD-9-CM to ICDA-8"
"161","161",305,"8_9","ICD-9-CM to ICDA-8"
"162","162",3926,"8_9","ICD-9-CM to ICDA-8"
"163","197",19,"8_9","ICD-9-CM to ICDA-8"
"170","170",185,"8_9","ICD-9-CM to ICDA-8"
"171","171",112,"8_9","ICD-9-CM to ICDA-8"
"172","172",246,"8_9","ICD-9-CM to ICDA-8"
"174","174",2668,"8_9","ICD-9-CM to ICDA-8"
"180","180",554,"8_9","ICD-9-CM to ICDA-8"
"181","188",28,"8_9","ICD-9-CM to ICDA-8"
"182","182",249,"8_9","ICD-9-CM to ICDA-8"
"183","183",410,"8_9","ICD-9-CM to ICDA-8"
"184","184",38,"8_9","ICD-9-CM to ICDA-8"
"185","185",938,"8_9","ICD-9-CM to ICDA-8"
"186","186",224,"8_9","ICD-9-CM to ICDA-8"
"187","186",7,"8_9","ICD-9-CM to ICDA-8"
"188","188",326,"8_9","ICD-9-CM to ICDA-8"
"189","189",450,"8_9","ICD-9-CM to ICDA-8"
"190","190",97,"8_9","ICD-9-CM to ICDA-8"
"191","191",84,"8_9","ICD-9-CM to ICDA-8"
"192","192",219,"8_9","ICD-9-CM to ICDA-8"
"193","193",107,"8_9","ICD-9-CM to ICDA-8"
"194","199",10,"8_9","ICD-9-CM to ICDA-8"
"195","199",51,"8_9","ICD-9-CM to ICDA-8"
"196","196",9,"8_9","ICD-9-CM to ICDA-8"
"197","197",167,"8_9","ICD-9-CM to ICDA-8"
"199","199",1130,"8_9","ICD-9-CM to ICDA-8"
"200","200",346,"8_9","ICD-9-CM to ICDA-8"
"201","201",779,"8_9","ICD-9-CM to ICDA-8"
"202","202",664,"8_9","ICD-9-CM to ICDA-8"
"203","203",637,"8_9","ICD-9-CM to ICDA-8"
"204","204",364,"8_9","ICD-9-CM to ICDA-8"
"205","205",156,"8_9","ICD-9-CM to ICDA-8"
"206","205",8,"8_9","ICD-9-CM to ICDA-8"
"207","205",603,"8_9","ICD-9-CM to ICDA-8"
"225","225",64,"8_9","ICD-9-CM to ICDA-8"
"240","241",33,"8_9","ICD-9-CM to ICDA-8"
"241","493",2025,"8_9","ICD-9-CM to ICDA-8"
"242","242",483,"8_9","ICD-9-CM to ICDA-8"
"243","708",80,"8_9","ICD-9-CM to ICDA-8"
"244","244",325,"8_9","ICD-9-CM to ICDA-8"
"245","692",85,"8_9","ICD-9-CM to ICDA-8"
"246","241",42,"8_9","ICD-9-CM to ICDA-8"
"250","250",19099,"8_9","ICD-9-CM to ICDA-8"
"251","251",446,"8_9","ICD-9-CM to ICDA-8"
"252","242",105,"8_9","ICD-9-CM to ICDA-8"
"253","253",168,"8_9","ICD-9-CM to ICDA-8"
"254","241",23,"8_9","ICD-9-CM to ICDA-8"
"255","255",179,"8_9","ICD-9-CM to ICDA-8"
"256","626",21,"8_9","ICD-9-CM to ICDA-8"
"258","258",89,"8_9","ICD-9-CM to ICDA-8"
"261","268",23,"8_9","ICD-9-CM to ICDA-8"
"268","265",33,"8_9","ICD-9-CM to ICDA-8"
"270","251",67,"8_9","ICD-9-CM to ICDA-8"
"271","271",26,"8_9","ICD-9-CM to ICDA-8"
"272","253",28,"8_9","ICD-9-CM to ICDA-8"
"273","275",72,"8_9","ICD-9-CM to ICDA-8"
"274","274",395,"8_9","ICD-9-CM to ICDA-8"
"275","279",150,"8_9","ICD-9-CM to ICDA-8"
"277","273",412,"8_9","ICD-9-CM to ICDA-8"
"278","277",872,"8_9","ICD-9-CM to ICDA-8"
"280","280",391,"8_9","ICD-9-CM to ICDA-8"
"282","282",211,"8_9","ICD-9-CM to ICDA-8"
"283","283",14,"8_9","ICD-9-CM to ICDA-8"
"284","284",254,"8_9","ICD-9-CM to ICDA-8"
"285","285",1716,"8_9","ICD-9-CM to ICDA-8"
"286","286",1184,"8_9","ICD-9-CM to ICDA-8"
"287","287",1480,"8_9","ICD-9-CM to ICDA-8"
"288","288",143,"8_9","ICD-9-CM to ICDA-8"
"289","289",1649,"8_9","ICD-9-CM to ICDA-8"
"290","290",231,"8_9","ICD-9-CM to ICDA-8"
"291","291",442,"8_9","ICD-9-CM to ICDA-8"
"295","295",6727,"8_9","ICD-9-CM to ICDA-8"
"296","296",4394,"8_9","ICD-9-CM to ICDA-8"
"297","297",330,"8_9","ICD-9-CM to ICDA-8"
"298","299",227,"8_9","ICD-9-CM to ICDA-8"
"300","300",12305,"8_9","ICD-9-CM to ICDA-8"
"301","301",1370,"8_9","ICD-9-CM to ICDA-8"
"303","303",8870,"8_9","ICD-9-CM to ICDA-8"
"304","304",452,"8_9","ICD-9-CM to ICDA-8"
"306","305",146,"8_9","ICD-9-CM to ICDA-8"
"307","306",541,"8_9","ICD-9-CM to ICDA-8"
"309","307",869,"8_9","ICD-9-CM to ICDA-8"
"310","309",144,"8_9","ICD-9-CM to ICDA-8"
"314","306",1698,"8_9","ICD-9-CM to ICDA-8"
"317","300",222,"8_9","ICD-9-CM to ICDA-8"
"318","308",7,"8_9","ICD-9-CM to ICDA-8"
"319","315",313,"8_9","ICD-9-CM to ICDA-8"
"332","342",619,"8_9","ICD-9-CM to ICDA-8"
"336","349",93,"8_9","ICD-9-CM to ICDA-8"
"337","358",19,"8_9","ICD-9-CM to ICDA-8"
"339","791",1650,"8_9","ICD-9-CM to ICDA-8"
"340","340",2518,"8_9","ICD-9-CM to ICDA-8"
"341","250",16,"8_9","ICD-9-CM to ICDA-8"
"343","343",331,"8_9","ICD-9-CM to ICDA-8"
"344","344",1160,"8_9","ICD-9-CM to ICDA-8"
"345","345",3878,"8_9","ICD-9-CM to ICDA-8"
"346","346",1809,"8_9","ICD-9-CM to ICDA-8"
"348","347",382,"8_9","ICD-9-CM to ICDA-8"
"353","357",531,"8_9","ICD-9-CM to ICDA-8"
"357","354",205,"8_9","ICD-9-CM to ICDA-8"
"360","366",173,"8_9","ICD-9-CM to ICDA-8"
"361","376",243,"8_9","ICD-9-CM to ICDA-8"
"362","377",180,"8_9","ICD-9-CM to ICDA-8"
"364","364",307,"8_9","ICD-9-CM to ICDA-8"
"365","375",469,"8_9","ICD-9-CM to ICDA-8"
"366","374",482,"8_9","ICD-9-CM to ICDA-8"
"369","379",30,"8_9","ICD-9-CM to ICDA-8"
"370","363",338,"8_9","ICD-9-CM to ICDA-8"
"371","363",7,"8_9","ICD-9-CM to ICDA-8"
"376","369",257,"8_9","ICD-9-CM to ICDA-8"
"377","367",185,"8_9","ICD-9-CM to ICDA-8"
"379","921",662,"8_9","ICD-9-CM to ICDA-8"
"380","380",416,"8_9","ICD-9-CM to ICDA-8"
"381","381",9588,"8_9","ICD-9-CM to ICDA-8"
"383","383",127,"8_9","ICD-9-CM to ICDA-8"
"384","381",382,"8_9","ICD-9-CM to ICDA-8"
"386","385",200,"8_9","ICD-9-CM to ICDA-8"
"389","921",114,"8_9","ICD-9-CM to ICDA-8"
"393","383",26,"8_9","ICD-9-CM to ICDA-8"
"394","394",730,"8_9","ICD-9-CM to ICDA-8"
"395","395",733,"8_9","ICD-9-CM to ICDA-8"
"396","381",35,"8_9","ICD-9-CM to ICDA-8"
"397","427",7,"8_9","ICD-9-CM to ICDA-8"
"398","427",328,"8_9","ICD-9-CM to ICDA-8"
"401","401",6418,"8_9","ICD-9-CM to ICDA-8"
"402","402",157,"8_9","ICD-9-CM to ICDA-8"
"403","403",173,"8_9","ICD-9-CM to ICDA-8"
"410","410",8214,"8_9","ICD-9-CM to ICDA-8"
"411","411",2491,"8_9","ICD-9-CM to ICDA-8"
"413","412",2525,"8_9","ICD-9-CM to ICDA-8"
"414","412",7770,"8_9","ICD-9-CM to ICDA-8"
"415","450",1605,"8_9","ICD-9-CM to ICDA-8"
"416","427",311,"8_9","ICD-9-CM to ICDA-8"
"423","423",405,"8_9","ICD-9-CM to ICDA-8"
"424","427",107,"8_9","ICD-9-CM to ICDA-8"
"425","427",245,"8_9","ICD-9-CM to ICDA-8"
"427","427",10408,"8_9","ICD-9-CM to ICDA-8"
"428","428",190,"8_9","ICD-9-CM to ICDA-8"
"429","427",334,"8_9","ICD-9-CM to ICDA-8"
"430","430",259,"8_9","ICD-9-CM to ICDA-8"
"431","431",182,"8_9","ICD-9-CM to ICDA-8"
"433","432",135,"8_9","ICD-9-CM to ICDA-8"
"434","427",401,"8_9","ICD-9-CM to ICDA-8"
"435","435",390,"8_9","ICD-9-CM to ICDA-8"
"436","436",2776,"8_9","ICD-9-CM to ICDA-8"
"437","436",97,"8_9","ICD-9-CM to ICDA-8"
"440","440",205,"8_9","ICD-9-CM to ICDA-8"
"441","441",181,"8_9","ICD-9-CM to ICDA-8"
"442","442",81,"8_9","ICD-9-CM to ICDA-8"
"443","443",341,"8_9","ICD-9-CM to ICDA-8"
"444","444",333,"8_9","ICD-9-CM to ICDA-8"
"446","446",73,"8_9","ICD-9-CM to ICDA-8"
"447","401",509,"8_9","ICD-9-CM to ICDA-8"
"448","448",18,"8_9","ICD-9-CM to ICDA-8"
"453","453",1448,"8_9","ICD-9-CM to ICDA-8"
"456","456",52,"8_9","ICD-9-CM to ICDA-8"
"457","457",143,"8_9","ICD-9-CM to ICDA-8"
"459","458",200,"8_9","ICD-9-CM to ICDA-8"
"472","504",229,"8_9","ICD-9-CM to ICDA-8"
"473","503",685,"8_9","ICD-9-CM to ICDA-8"
"474","500",5329,"8_9","ICD-9-CM to ICDA-8"
"476","506",14,"8_9","ICD-9-CM to ICDA-8"
"477","493",552,"8_9","ICD-9-CM to ICDA-8"
"478","504",807,"8_9","ICD-9-CM to ICDA-8"
"491","466",1225,"8_9","ICD-9-CM to ICDA-8"
"492","492",669,"8_9","ICD-9-CM to ICDA-8"
"493","493",17417,"8_9","ICD-9-CM to ICDA-8"
"494","518",829,"8_9","ICD-9-CM to ICDA-8"
"502","505",37,"8_9","ICD-9-CM to ICDA-8"
"504","516",26,"8_9","ICD-9-CM to ICDA-8"
"512","512",821,"8_9","ICD-9-CM to ICDA-8"
"514","427",247,"8_9","ICD-9-CM to ICDA-8"
"518","519",5935,"8_9","ICD-9-CM to ICDA-8"
"523","523",258,"8_9","ICD-9-CM to ICDA-8"
"525","521",421,"8_9","ICD-9-CM to ICDA-8"
"530","530",889,"8_9","ICD-9-CM to ICDA-8"
"531","531",947,"8_9","ICD-9-CM to ICDA-8"
"532","532",3398,"8_9","ICD-9-CM to ICDA-8"
"533","533",1088,"8_9","ICD-9-CM to ICDA-8"
"534","531",24,"8_9","ICD-9-CM to ICDA-8"
"535","535",3209,"8_9","ICD-9-CM to ICDA-8"
"537","750",319,"8_9","ICD-9-CM to ICDA-8"
"556","563",2338,"8_9","ICD-9-CM to ICDA-8"
"558","009",263,"8_9","ICD-9-CM to ICDA-8"
"562","562",1035,"8_9","ICD-9-CM to ICDA-8"
"564","564",858,"8_9","ICD-9-CM to ICDA-8"
"571","009",4367,"8_9","ICD-9-CM to ICDA-8"
"572","563",152,"8_9","ICD-9-CM to ICDA-8"
"573","571",600,"8_9","ICD-9-CM to ICDA-8"
"575","574",1865,"8_9","ICD-9-CM to ICDA-8"
"577","577",3136,"8_9","ICD-9-CM to ICDA-8"
"579","269",1149,"8_9","ICD-9-CM to ICDA-8"
"581","581",990,"8_9","ICD-9-CM to ICDA-8"
"582","582",7803,"8_9","ICD-9-CM to ICDA-8"
"583","582",969,"8_9","ICD-9-CM to ICDA-8"
"587","574",964,"8_9","ICD-9-CM to ICDA-8"
"590","590",4456,"8_9","ICD-9-CM to ICDA-8"
"595","595",1270,"8_9","ICD-9-CM to ICDA-8"
"596","596",642,"8_9","ICD-9-CM to ICDA-8"
"599","599",4532,"8_9","ICD-9-CM to ICDA-8"
"600","600",1209,"8_9","ICD-9-CM to ICDA-8"
"601","600",270,"8_9","ICD-9-CM to ICDA-8"
"607","607",679,"8_9","ICD-9-CM to ICDA-8"
"610","610",773,"8_9","ICD-9-CM to ICDA-8"
"614","603",37,"8_9","ICD-9-CM to ICDA-8"
"618","623",866,"8_9","ICD-9-CM to ICDA-8"
"621","626",457,"8_9","ICD-9-CM to ICDA-8"
"626","626",7316,"8_9","ICD-9-CM to ICDA-8"
"627","626",431,"8_9","ICD-9-CM to ICDA-8"
"628","628",204,"8_9","ICD-9-CM to ICDA-8"
"629","626",699,"8_9","ICD-9-CM to ICDA-8"
"691","691",238,"8_9","ICD-9-CM to ICDA-8"
"694","694",27,"8_9","ICD-9-CM to ICDA-8"
"695","695",739,"8_9","ICD-9-CM to ICDA-8"
"696","696",401,"8_9","ICD-9-CM to ICDA-8"
"701","692",135,"8_9","ICD-9-CM to ICDA-8"
"705","695",68,"8_9","ICD-9-CM to ICDA-8"
"707","707",739,"8_9","ICD-9-CM to ICDA-8"
"710","734",462,"8_9","ICD-9-CM to ICDA-8"
"714","712",3277,"8_9","ICD-9-CM to ICDA-8"
"715","713",1637,"8_9","ICD-9-CM to ICDA-8"
"716","715",1161,"8_9","ICD-9-CM to ICDA-8"
"717","724",555,"8_9","ICD-9-CM to ICDA-8"
"718","731",27,"8_9","ICD-9-CM to ICDA-8"
"719","729",463,"8_9","ICD-9-CM to ICDA-8"
"722","725",6139,"8_9","ICD-9-CM to ICDA-8"
"730","720",863,"8_9","ICD-9-CM to ICDA-8"
"731","721",25,"8_9","ICD-9-CM to ICDA-8"
"732","712",412,"8_9","ICD-9-CM to ICDA-8"
"733","713",285,"8_9","ICD-9-CM to ICDA-8"
"735","737",52,"8_9","ICD-9-CM to ICDA-8"
"737","725",930,"8_9","ICD-9-CM to ICDA-8"
"740","730",23,"8_9","ICD-9-CM to ICDA-8"
"741","741",335,"8_9","ICD-9-CM to ICDA-8"
"742","743",94,"8_9","ICD-9-CM to ICDA-8"
"743","744",88,"8_9","ICD-9-CM to ICDA-8"
"744","745",163,"8_9","ICD-9-CM to ICDA-8"
"746","746",1430,"8_9","ICD-9-CM to ICDA-8"
"747","747",344,"8_9","ICD-9-CM to ICDA-8"
"748","748",87,"8_9","ICD-9-CM to ICDA-8"
"749","749",354,"8_9","ICD-9-CM to ICDA-8"
"750","750",204,"8_9","ICD-9-CM to ICDA-8"
"751","751",162,"8_9","ICD-9-CM to ICDA-8"
"752","752",465,"8_9","ICD-9-CM to ICDA-8"
"753","753",166,"8_9","ICD-9-CM to ICDA-8"
"754","738",210,"8_9","ICD-9-CM to ICDA-8"
"755","755",744,"8_9","ICD-9-CM to ICDA-8"
"756","756",309,"8_9","ICD-9-CM to ICDA-8"
"757","757",73,"8_9","ICD-9-CM to ICDA-8"
"758","759",308,"8_9","ICD-9-CM to ICDA-8"
"759","758",102,"8_9","ICD-9-CM to ICDA-8"
