"track","tau","n_emitted","codes_covered","code_coverage","precision","recall","f1"
"10_9",0.01,3025,345,1,0.247272727272727,0.920049200492005,0.389786347055758
"10_9",0.02,2328,345,1,0.312285223367698,0.894218942189422,0.462909901305317
"10_9",0.03,1983,345,1,0.356026222894604,0.868388683886839,0.505007153075823
"10_9",0.04,1790,345,1,0.384357541899441,0.846248462484625,0.528620822128314
"10_9",0.05,1615,345,1,0.41671826625387,0.82779827798278,0.554365733113674
"10_9",0.06,1502,345,1,0.440745672436751,0.814268142681427,0.571922246220302
"10_9",0.07,1409,344,0.997101449275362,0.464158977998581,0.804428044280443,0.588658865886589
"10_9",0.08,1328,344,0.997101449275362,0.487951807228916,0.797047970479705,0.605324614666044
"10_9",0.09,1262,344,0.997101449275362,0.507923930269414,0.788437884378844,0.617831325301205
"10_9",0.1,1206,344,0.997101449275362,0.520729684908789,0.772447724477245,0.622090143635463
"10_9",0.11,1169,343,0.994202898550725,0.532934131736527,0.76629766297663,0.628657921291625
"10_9",0.12,1127,343,0.994202898550725,0.548358473824312,0.760147601476015,0.637113402061856
"10_9",0.13,1094,341,0.988405797101449,0.559414990859232,0.752767527675277,0.641845831148401
"10_9",0.14,1064,341,0.988405797101449,0.569548872180451,0.745387453874539,0.645711241342568
"10_9",0.15,1033,340,0.985507246376812,0.582768635043562,0.740467404674047,0.652221018418201
"10_9",0.16,1004,340,0.985507246376812,0.594621513944223,0.734317343173432,0.657127132636213
"10_9",0.17,976,340,0.985507246376812,0.607581967213115,0.72939729397294,0.662940190050307
"10_9",0.18,955,340,0.985507246376812,0.617801047120419,0.725707257072571,0.667420814479638
"10_9",0.19,934,340,0.985507246376812,0.625267665952891,0.718327183271833,0.668574699484831
"10_9",0.2,915,340,0.985507246376812,0.634972677595628,0.714637146371464,0.672453703703704
"10_9",0.21,899,338,0.979710144927536,0.640711902113459,0.708487084870849,0.672897196261682
"10_9",0.22,878,337,0.976811594202899,0.648063781321184,0.699876998769988,0.67297457125961
"10_9",0.23,858,337,0.976811594202899,0.660839160839161,0.697416974169742,0.678635547576302
"10_9",0.24,840,337,0.976811594202899,0.670238095238095,0.69249692496925,0.68118572292801
"10_9",0.25,822,337,0.976811594202899,0.682481751824818,0.690036900369004,0.686238532110092
"10_9",0.26,809,337,0.976811594202899,0.688504326328801,0.685116851168512,0.686806411837238
"10_9",0.27,800,336,0.973913043478261,0.69375,0.682656826568266,0.688158710477371
"10_9",0.28,790,336,0.973913043478261,0.7,0.68019680196802,0.689956331877729
"10_9",0.29,783,336,0.973913043478261,0.703703703703704,0.677736777367774,0.690476190476191
"10_9",0.3,768,336,0.973913043478261,0.71484375,0.675276752767528,0.69449715370019
"10_9",0.31,760,336,0.973913043478261,0.719736842105263,0.672816728167282,0.695486331849968
"10_9",0.32,747,336,0.973913043478261,0.725568942436412,0.666666666666667,0.694871794871795
"10_9",0.33,736,336,0.973913043478261,0.728260869565217,0.659286592865929,0.692059393156875
"10_9",0.34,727,336,0.973913043478261,0.731774415405777,0.654366543665437,0.690909090909091
"10_9",0.35,718,336,0.973913043478261,0.733983286908078,0.648216482164822,0.688438928804703
"10_9",0.36,708,336,0.973913043478261,0.740112994350282,0.644526445264453,0.689020381328074
"10_9",0.37,698,336,0.973913043478261,0.742120343839542,0.637146371463715,0.685638649900728
"10_9",0.38,689,336,0.973913043478261,0.750362844702467,0.635916359163592,0.688415446071904
"10_9",0.39,679,336,0.973913043478261,0.75699558173785,0.632226322263223,0.689008042895442
"10_9",0.4,673,335,0.971014492753623,0.762258543833581,0.6309963099631,0.690444145356662
"10_9",0.41,663,335,0.971014492753623,0.770739064856712,0.628536285362854,0.692411924119241
"10_9",0.42,653,335,0.971014492753623,0.774885145482389,0.622386223862239,0.69031377899045
"10_9",0.43,649,335,0.971014492753623,0.778120184899846,0.621156211562116,0.690834473324213
"10_9",0.44,636,334,0.968115942028986,0.787735849056604,0.616236162361624,0.691511387163561
"10_9",0.45,632,334,0.968115942028986,0.791139240506329,0.615006150061501,0.69204152249135
"10_9",0.46,626,334,0.968115942028986,0.797124600638978,0.613776137761378,0.693537178596247
"10_9",0.47,623,334,0.968115942028986,0.799357945425361,0.612546125461255,0.693593314763231
"10_9",0.48,615,334,0.968115942028986,0.801626016260163,0.60639606396064,0.69047619047619
"10_9",0.49,604,333,0.965217391304348,0.804635761589404,0.597785977859779,0.685956245589273
"10_9",0.5,600,333,0.965217391304348,0.806666666666667,0.595325953259533,0.685067232837933
"10_9",0.51,594,333,0.965217391304348,0.80976430976431,0.591635916359164,0.683724235963042
"10_9",0.52,589,333,0.965217391304348,0.811544991511036,0.587945879458795,0.68188302425107
"10_9",0.53,582,332,0.96231884057971,0.81786941580756,0.585485854858549,0.682437275985663
"10_9",0.54,576,332,0.96231884057971,0.821180555555556,0.58179581795818,0.681065514758819
"10_9",0.55,572,332,0.96231884057971,0.821678321678322,0.578105781057811,0.67870036101083
"10_9",0.56,565,331,0.959420289855072,0.824778761061947,0.573185731857319,0.676342525399129
"10_9",0.57,561,331,0.959420289855072,0.825311942959002,0.56949569495695,0.673944687045124
"10_9",0.58,559,331,0.959420289855072,0.826475849731664,0.568265682656827,0.673469387755102
"10_9",0.59,556,331,0.959420289855072,0.827338129496403,0.565805658056581,0.672023374726077
"10_9",0.6,552,330,0.956521739130435,0.831521739130435,0.564575645756458,0.672527472527473
"10_9",0.61,547,330,0.956521739130435,0.837294332723949,0.563345633456335,0.673529411764706
"10_9",0.62,546,330,0.956521739130435,0.838827838827839,0.563345633456335,0.674025018395879
"10_9",0.63,542,330,0.956521739130435,0.845018450184502,0.563345633456335,0.676014760147602
"10_9",0.64,538,330,0.956521739130435,0.847583643122677,0.560885608856089,0.675055514433753
"10_9",0.65,530,330,0.956521739130435,0.854716981132076,0.55719557195572,0.674609084139985
"10_9",0.66,524,329,0.953623188405797,0.854961832061069,0.551045510455105,0.670157068062827
"10_9",0.67,515,326,0.944927536231884,0.858252427184466,0.543665436654367,0.66566265060241
"10_9",0.68,511,326,0.944927536231884,0.86105675146771,0.541205412054121,0.664652567975831
"10_9",0.69,505,325,0.942028985507246,0.863366336633663,0.536285362853628,0.661608497723824
"10_9",0.7,497,325,0.942028985507246,0.871227364185111,0.53259532595326,0.661068702290076
"10_9",0.71,489,322,0.933333333333333,0.875255623721881,0.526445264452645,0.657450076804916
"10_9",0.72,483,321,0.930434782608696,0.87991718426501,0.522755227552276,0.655864197530864
"10_9",0.73,474,320,0.927536231884058,0.886075949367089,0.516605166051661,0.652680652680653
"10_9",0.74,465,320,0.927536231884058,0.890322580645161,0.509225092250922,0.647887323943662
"10_9",0.75,456,320,0.927536231884058,0.894736842105263,0.501845018450184,0.643026004728132
"10_9",0.76,440,318,0.921739130434783,0.913636363636364,0.494464944649447,0.641660015961692
"10_9",0.77,436,318,0.921739130434783,0.917431192660551,0.4920049200492,0.640512409927942
"10_9",0.78,432,316,0.915942028985507,0.921296296296296,0.489544895448954,0.639357429718875
"10_9",0.79,432,316,0.915942028985507,0.921296296296296,0.489544895448954,0.639357429718875
"10_9",0.8,426,316,0.915942028985507,0.922535211267606,0.483394833948339,0.634382566585956
"10_9",0.81,421,314,0.910144927536232,0.923990498812352,0.478474784747847,0.630470016207455
"10_9",0.82,415,312,0.904347826086957,0.927710843373494,0.473554735547355,0.627035830618893
"10_9",0.83,408,308,0.892753623188406,0.938725490196078,0.471094710947109,0.627354627354627
"10_9",0.84,403,307,0.889855072463768,0.937965260545906,0.464944649446494,0.621710526315789
"10_9",0.85,400,307,0.889855072463768,0.9375,0.461254612546125,0.618301731244848
"10_9",0.86,388,302,0.87536231884058,0.943298969072165,0.450184501845018,0.609492089925062
"10_9",0.87,379,300,0.869565217391304,0.944591029023747,0.440344403444034,0.600671140939597
"10_9",0.88,369,297,0.860869565217391,0.951219512195122,0.431734317343173,0.593908629441624
"10_9",0.89,360,294,0.852173913043478,0.958333333333333,0.424354243542435,0.588235294117647
"10_9",0.9,348,292,0.846376811594203,0.971264367816092,0.415744157441574,0.582256675279931
"10_9",0.91,338,289,0.83768115942029,0.970414201183432,0.403444034440344,0.569939183318853
"10_9",0.92,327,284,0.823188405797101,0.969418960244648,0.389913899138991,0.556140350877193
"10_9",0.93,318,281,0.814492753623188,0.971698113207547,0.380073800738007,0.546419098143236
"10_9",0.94,304,273,0.791304347826087,0.980263157894737,0.366543665436654,0.533572068039391
"10_9",0.95,281,259,0.750724637681159,0.98220640569395,0.339483394833948,0.504570383912249
"10_9",0.97,250,239,0.692753623188406,0.988,0.303813038130381,0.464722483537159
"10_9",0.99,173,171,0.495652173913044,1,0.212792127921279,0.350912778904665
"8_9",0.01,727,302,1,0.415405777166437,0.946708463949843,0.577437858508604
"8_9",0.02,573,301,0.996688741721854,0.518324607329843,0.931034482758621,0.665919282511211
"8_9",0.03,509,300,0.993377483443709,0.575638506876228,0.918495297805643,0.707729468599034
"8_9",0.04,459,298,0.986754966887417,0.627450980392157,0.90282131661442,0.740359897172237
"8_9",0.05,431,298,0.986754966887417,0.661252900232019,0.893416927899687,0.76
"8_9",0.06,413,295,0.97682119205298,0.687651331719128,0.890282131661442,0.775956284153005
"8_9",0.07,401,293,0.970198675496689,0.70573566084788,0.887147335423197,0.786111111111111
"8_9",0.08,390,291,0.963576158940397,0.723076923076923,0.884012539184953,0.795486600846262
"8_9",0.09,383,291,0.963576158940397,0.733681462140992,0.880877742946709,0.800569800569801
"8_9",0.1,377,290,0.960264900662252,0.740053050397878,0.874608150470219,0.801724137931034
"8_9",0.11,372,289,0.956953642384106,0.75,0.874608150470219,0.807525325615051
"8_9",0.12,366,289,0.956953642384106,0.762295081967213,0.874608150470219,0.814598540145985
"8_9",0.13,360,287,0.950331125827815,0.766666666666667,0.865203761755486,0.812960235640648
"8_9",0.14,356,285,0.943708609271523,0.775280898876405,0.865203761755486,0.817777777777778
"8_9",0.15,352,285,0.943708609271523,0.78125,0.862068965517241,0.819672131147541
"8_9",0.16,349,285,0.943708609271523,0.787965616045845,0.862068965517241,0.823353293413174
"8_9",0.17,346,284,0.940397350993378,0.791907514450867,0.858934169278997,0.82406015037594
"8_9",0.18,344,283,0.937086092715232,0.793604651162791,0.855799373040752,0.823529411764706
"8_9",0.19,341,283,0.937086092715232,0.80058651026393,0.855799373040752,0.827272727272727
"8_9",0.2,338,283,0.937086092715232,0.807692307692308,0.855799373040752,0.831050228310502
"8_9",0.21,335,282,0.933774834437086,0.814925373134328,0.855799373040752,0.834862385321101
"8_9",0.22,333,282,0.933774834437086,0.81981981981982,0.855799373040752,0.837423312883436
"8_9",0.23,331,282,0.933774834437086,0.821752265861027,0.852664576802508,0.836923076923077
"8_9",0.24,328,282,0.933774834437086,0.829268292682927,0.852664576802508,0.84080370942813
"8_9",0.25,325,282,0.933774834437086,0.833846153846154,0.849529780564263,0.841614906832298
"8_9",0.26,323,281,0.93046357615894,0.839009287925697,0.849529780564263,0.844236760124611
"8_9",0.27,320,281,0.93046357615894,0.84375,0.846394984326019,0.845070422535211
"8_9",0.28,320,281,0.93046357615894,0.84375,0.846394984326019,0.845070422535211
"8_9",0.29,317,281,0.93046357615894,0.851735015772871,0.846394984326019,0.849056603773585
"8_9",0.3,317,281,0.93046357615894,0.851735015772871,0.846394984326019,0.849056603773585
"8_9",0.31,315,281,0.93046357615894,0.857142857142857,0.846394984326019,0.851735015772871
"8_9",0.32,313,281,0.93046357615894,0.859424920127795,0.843260188087774,0.85126582278481
"8_9",0.33,312,280,0.927152317880795,0.862179487179487,0.843260188087774,0.852614896988907
"8_9",0.34,309,280,0.927152317880795,0.864077669902913,0.836990595611285,0.85031847133758
"8_9",0.35,308,280,0.927152317880795,0.863636363636364,0.833855799373041,0.848484848484849
"8_9",0.36,307,279,0.923841059602649,0.866449511400652,0.833855799373041,0.849840255591054
"8_9",0.37,305,277,0.917218543046358,0.868852459016393,0.830721003134796,0.849358974358974
"8_9",0.38,305,277,0.917218543046358,0.868852459016393,0.830721003134796,0.849358974358974
"8_9",0.39,304,277,0.917218543046358,0.871710526315789,0.830721003134796,0.850722311396469
"8_9",0.4,302,276,0.913907284768212,0.874172185430464,0.827586206896552,0.85024154589372
"8_9",0.41,299,275,0.910596026490066,0.879598662207358,0.824451410658307,0.851132686084142
"8_9",0.42,298,274,0.907284768211921,0.88255033557047,0.824451410658307,0.852512155591572
"8_9",0.43,297,274,0.907284768211921,0.882154882154882,0.821316614420063,0.850649350649351
"8_9",0.44,297,274,0.907284768211921,0.882154882154882,0.821316614420063,0.850649350649351
"8_9",0.45,295,273,0.903973509933775,0.888135593220339,0.821316614420063,0.853420195439739
"8_9",0.46,293,273,0.903973509933775,0.89419795221843,0.821316614420063,0.856209150326797
"8_9",0.47,291,272,0.900662251655629,0.900343642611684,0.821316614420063,0.859016393442623
"8_9",0.48,291,272,0.900662251655629,0.900343642611684,0.821316614420063,0.859016393442623
"8_9",0.49,289,270,0.894039735099338,0.906574394463668,0.821316614420063,0.861842105263158
"8_9",0.5,289,270,0.894039735099338,0.906574394463668,0.821316614420063,0.861842105263158
"8_9",0.51,288,269,0.890728476821192,0.909722222222222,0.821316614420063,0.86326194398682
"8_9",0.52,288,269,0.890728476821192,0.909722222222222,0.821316614420063,0.86326194398682
"8_9",0.53,287,269,0.890728476821192,0.909407665505226,0.818181818181818,0.861386138613861
"8_9",0.54,286,268,0.887417218543046,0.909090909090909,0.815047021943574,0.859504132231405
"8_9",0.55,286,268,0.887417218543046,0.909090909090909,0.815047021943574,0.859504132231405
"8_9",0.56,285,268,0.887417218543046,0.912280701754386,0.815047021943574,0.860927152317881
"8_9",0.57,285,268,0.887417218543046,0.912280701754386,0.815047021943574,0.860927152317881
"8_9",0.58,284,267,0.884105960264901,0.915492957746479,0.815047021943574,0.862354892205639
"8_9",0.59,281,265,0.877483443708609,0.925266903914591,0.815047021943574,0.866666666666667
"8_9",0.6,279,264,0.874172185430464,0.92831541218638,0.811912225705329,0.866220735785953
"8_9",0.61,278,263,0.870860927152318,0.931654676258993,0.811912225705329,0.867671691792295
"8_9",0.62,278,263,0.870860927152318,0.931654676258993,0.811912225705329,0.867671691792295
"8_9",0.63,276,262,0.867549668874172,0.934782608695652,0.808777429467085,0.867226890756302
"8_9",0.64,276,262,0.867549668874172,0.934782608695652,0.808777429467085,0.867226890756302
"8_9",0.65,275,261,0.864238410596026,0.934545454545455,0.80564263322884,0.865319865319865
"8_9",0.66,275,261,0.864238410596026,0.934545454545455,0.80564263322884,0.865319865319865
"8_9",0.67,274,260,0.860927152317881,0.937956204379562,0.80564263322884,0.866779089376054
"8_9",0.68,274,260,0.860927152317881,0.937956204379562,0.80564263322884,0.866779089376054
"8_9",0.69,273,260,0.860927152317881,0.941391941391941,0.80564263322884,0.868243243243243
"8_9",0.7,272,259,0.857615894039735,0.941176470588235,0.802507836990596,0.866328257191201
"8_9",0.71,270,259,0.857615894039735,0.944444444444444,0.799373040752351,0.865874363327674
"8_9",0.72,268,257,0.850993377483444,0.944029850746269,0.793103448275862,0.862010221465077
"8_9",0.73,267,256,0.847682119205298,0.943820224719101,0.789968652037618,0.860068259385666
"8_9",0.74,267,256,0.847682119205298,0.943820224719101,0.789968652037618,0.860068259385666
"8_9",0.75,267,256,0.847682119205298,0.943820224719101,0.789968652037618,0.860068259385666
"8_9",0.76,267,256,0.847682119205298,0.943820224719101,0.789968652037618,0.860068259385666
"8_9",0.77,263,254,0.841059602649007,0.958174904942966,0.789968652037618,0.865979381443299
"8_9",0.78,261,253,0.837748344370861,0.961685823754789,0.786833855799373,0.86551724137931
"8_9",0.79,261,253,0.837748344370861,0.961685823754789,0.786833855799373,0.86551724137931
"8_9",0.8,261,253,0.837748344370861,0.961685823754789,0.786833855799373,0.86551724137931
"8_9",0.81,260,252,0.834437086092715,0.961538461538462,0.783699059561129,0.863557858376511
"8_9",0.82,255,250,0.827814569536424,0.968627450980392,0.774294670846395,0.860627177700348
"8_9",0.83,255,250,0.827814569536424,0.968627450980392,0.774294670846395,0.860627177700348
"8_9",0.84,253,248,0.821192052980132,0.968379446640316,0.768025078369906,0.856643356643357
"8_9",0.85,253,248,0.821192052980132,0.968379446640316,0.768025078369906,0.856643356643357
"8_9",0.86,250,245,0.811258278145695,0.968,0.758620689655172,0.850615114235501
"8_9",0.87,248,243,0.804635761589404,0.967741935483871,0.752351097178683,0.846560846560847
"8_9",0.88,247,242,0.801324503311258,0.967611336032389,0.749216300940439,0.84452296819788
"8_9",0.89,246,242,0.801324503311258,0.971544715447154,0.749216300940439,0.846017699115044
"8_9",0.9,244,240,0.794701986754967,0.971311475409836,0.74294670846395,0.841918294849023
"8_9",0.91,241,238,0.788079470198676,0.975103734439834,0.736677115987461,0.839285714285714
"8_9",0.92,237,235,0.778145695364238,0.978902953586498,0.727272727272727,0.834532374100719
"8_9",0.93,232,230,0.76158940397351,0.978448275862069,0.711598746081505,0.823956442831216
"8_9",0.94,226,225,0.745033112582781,0.982300884955752,0.695924764890282,0.814678899082569
"8_9",0.95,220,219,0.725165562913907,0.981818181818182,0.677115987460815,0.801484230055659
"8_9",0.97,205,205,0.678807947019868,0.995121951219512,0.639498432601881,0.778625954198473
"8_9",0.99,170,170,0.562913907284768,1,0.532915360501567,0.695296523517382
