"track","model","sim_mode","sim_param","top_n","chapter_filter","pool_pairs","pool_per_code","recall_ceiling","oracle_f1"
"10_9","SapBERT","relative",0.999,3,TRUE,704,2.01,0.4162,0.5878
"10_9","SapBERT","relative",0.999,3,FALSE,1237,3.49,0.4258,0.5973
"10_9","SapBERT","relative",0.999,5,TRUE,954,2.71,0.4514,0.6221
"10_9","SapBERT","relative",0.999,5,FALSE,1906,5.38,0.4621,0.6321
"10_9","SapBERT","relative",0.999,10,TRUE,1426,4.03,0.5027,0.669
"10_9","SapBERT","relative",0.999,10,FALSE,3578,10.11,0.5176,0.6821
"10_9","SapBERT","relative",0.999,20,TRUE,2071,5.85,0.5592,0.7173
"10_9","SapBERT","relative",0.999,20,FALSE,6872,19.41,0.5806,0.7346
"10_9","SapBERT","relative",0.999,30,TRUE,2605,7.36,0.5987,0.749
"10_9","SapBERT","relative",0.999,30,FALSE,10077,28.47,0.6211,0.7663
"10_9","SapBERT","relative",0.999,50,TRUE,3575,10.1,0.651,0.7886
"10_9","SapBERT","relative",0.999,50,FALSE,16059,45.36,0.6777,0.8079
"10_9","SapBERT","relative",0.995,3,TRUE,712,2.03,0.4184,0.5899
"10_9","SapBERT","relative",0.995,3,FALSE,1247,3.52,0.428,0.5994
"10_9","SapBERT","relative",0.995,5,TRUE,962,2.73,0.4536,0.6241
"10_9","SapBERT","relative",0.995,5,FALSE,1916,5.41,0.4642,0.6341
"10_9","SapBERT","relative",0.995,10,TRUE,1433,4.05,0.5037,0.67
"10_9","SapBERT","relative",0.995,10,FALSE,3587,10.13,0.5187,0.6831
"10_9","SapBERT","relative",0.995,20,TRUE,2077,5.87,0.5603,0.7182
"10_9","SapBERT","relative",0.995,20,FALSE,6880,19.44,0.5816,0.7355
"10_9","SapBERT","relative",0.995,30,TRUE,2611,7.38,0.5998,0.7498
"10_9","SapBERT","relative",0.995,30,FALSE,10085,28.49,0.6222,0.7671
"10_9","SapBERT","relative",0.995,50,TRUE,3581,10.12,0.6521,0.7894
"10_9","SapBERT","relative",0.995,50,FALSE,16067,45.39,0.6788,0.8086
"10_9","SapBERT","relative",0.99,3,TRUE,726,2.07,0.4237,0.5952
"10_9","SapBERT","relative",0.99,3,FALSE,1267,3.58,0.4333,0.6046
"10_9","SapBERT","relative",0.99,5,TRUE,975,2.77,0.4589,0.6291
"10_9","SapBERT","relative",0.99,5,FALSE,1935,5.47,0.4696,0.6391
"10_9","SapBERT","relative",0.99,10,TRUE,1445,4.08,0.508,0.6737
"10_9","SapBERT","relative",0.99,10,FALSE,3605,10.18,0.5229,0.6868
"10_9","SapBERT","relative",0.99,20,TRUE,2088,5.9,0.5635,0.7208
"10_9","SapBERT","relative",0.99,20,FALSE,6897,19.48,0.5848,0.738
"10_9","SapBERT","relative",0.99,30,TRUE,2621,7.4,0.603,0.7523
"10_9","SapBERT","relative",0.99,30,FALSE,10101,28.53,0.6254,0.7695
"10_9","SapBERT","relative",0.99,50,TRUE,3591,10.14,0.6553,0.7917
"10_9","SapBERT","relative",0.99,50,FALSE,16082,45.43,0.682,0.8109
"10_9","SapBERT","relative",0.95,3,TRUE,853,2.42,0.4717,0.641
"10_9","SapBERT","relative",0.95,3,FALSE,1477,4.17,0.4813,0.6499
"10_9","SapBERT","relative",0.95,5,TRUE,1089,3.08,0.5005,0.6671
"10_9","SapBERT","relative",0.95,5,FALSE,2132,6.02,0.5112,0.6766
"10_9","SapBERT","relative",0.95,10,TRUE,1546,4.37,0.539,0.7004
"10_9","SapBERT","relative",0.95,10,FALSE,3788,10.7,0.5539,0.7129
"10_9","SapBERT","relative",0.95,20,TRUE,2175,6.14,0.5891,0.7414
"10_9","SapBERT","relative",0.95,20,FALSE,7065,19.96,0.6105,0.7581
"10_9","SapBERT","relative",0.95,30,TRUE,2705,7.64,0.6265,0.7703
"10_9","SapBERT","relative",0.95,30,FALSE,10266,29,0.6489,0.7871
"10_9","SapBERT","relative",0.95,50,TRUE,3668,10.36,0.6713,0.8033
"10_9","SapBERT","relative",0.95,50,FALSE,16237,45.87,0.698,0.8221
"10_9","SapBERT","relative",0.9,3,TRUE,1146,3.25,0.5358,0.6977
"10_9","SapBERT","relative",0.9,3,FALSE,2045,5.78,0.5464,0.7067
"10_9","SapBERT","relative",0.9,5,TRUE,1371,3.88,0.5592,0.7173
"10_9","SapBERT","relative",0.9,5,FALSE,2688,7.59,0.571,0.7269
"10_9","SapBERT","relative",0.9,10,TRUE,1808,5.11,0.588,0.7406
"10_9","SapBERT","relative",0.9,10,FALSE,4321,12.21,0.6041,0.7532
"10_9","SapBERT","relative",0.9,20,TRUE,2421,6.84,0.6361,0.7776
"10_9","SapBERT","relative",0.9,20,FALSE,7577,21.4,0.6585,0.7941
"10_9","SapBERT","relative",0.9,30,TRUE,2937,8.3,0.667,0.8003
"10_9","SapBERT","relative",0.9,30,FALSE,10759,30.39,0.6905,0.8169
"10_9","SapBERT","relative",0.9,50,TRUE,3879,10.96,0.7086,0.8295
"10_9","SapBERT","relative",0.9,50,FALSE,16705,47.19,0.7364,0.8482
"10_9","SapBERT","relative",0.85,3,TRUE,1715,4.86,0.6051,0.754
"10_9","SapBERT","relative",0.85,3,FALSE,3519,9.94,0.6179,0.7639
"10_9","SapBERT","relative",0.85,5,TRUE,1929,5.46,0.6265,0.7703
"10_9","SapBERT","relative",0.85,5,FALSE,4147,11.71,0.6403,0.7807
"10_9","SapBERT","relative",0.85,10,TRUE,2347,6.63,0.6499,0.7878
"10_9","SapBERT","relative",0.85,10,FALSE,5754,16.25,0.6681,0.801
"10_9","SapBERT","relative",0.85,20,TRUE,2933,8.29,0.6862,0.8139
"10_9","SapBERT","relative",0.85,20,FALSE,8969,25.34,0.7097,0.8302
"10_9","SapBERT","relative",0.85,30,TRUE,3431,9.69,0.715,0.8339
"10_9","SapBERT","relative",0.85,30,FALSE,12120,34.24,0.7396,0.8503
"10_9","SapBERT","relative",0.85,50,TRUE,4335,12.25,0.7524,0.8587
"10_9","SapBERT","relative",0.85,50,FALSE,18010,50.88,0.7812,0.8772
"10_9","SapBERT","relative",0.8,3,TRUE,2773,7.86,0.6734,0.8048
"10_9","SapBERT","relative",0.8,3,FALSE,7353,20.77,0.6884,0.8154
"10_9","SapBERT","relative",0.8,5,TRUE,2966,8.4,0.6905,0.8169
"10_9","SapBERT","relative",0.8,5,FALSE,7952,22.46,0.7065,0.828
"10_9","SapBERT","relative",0.8,10,TRUE,3351,9.47,0.7076,0.8288
"10_9","SapBERT","relative",0.8,10,FALSE,9505,26.85,0.7279,0.8425
"10_9","SapBERT","relative",0.8,20,TRUE,3889,10.99,0.7385,0.8496
"10_9","SapBERT","relative",0.8,20,FALSE,12631,35.68,0.7631,0.8656
"10_9","SapBERT","relative",0.8,30,TRUE,4357,12.31,0.7641,0.8663
"10_9","SapBERT","relative",0.8,30,FALSE,15719,44.4,0.7898,0.8825
"10_9","SapBERT","relative",0.8,50,TRUE,5202,14.69,0.793,0.8845
"10_9","SapBERT","relative",0.8,50,FALSE,21506,60.75,0.8228,0.9028
"10_9","SapBERT","topk",1,3,TRUE,702,2.01,0.4152,0.5867
"10_9","SapBERT","topk",1,3,FALSE,1232,3.48,0.4248,0.5963
"10_9","SapBERT","topk",1,5,TRUE,952,2.7,0.4504,0.621
"10_9","SapBERT","topk",1,5,FALSE,1901,5.37,0.461,0.6311
"10_9","SapBERT","topk",1,10,TRUE,1425,4.03,0.5027,0.669
"10_9","SapBERT","topk",1,10,FALSE,3574,10.1,0.5176,0.6821
"10_9","SapBERT","topk",1,20,TRUE,2070,5.85,0.5592,0.7173
"10_9","SapBERT","topk",1,20,FALSE,6868,19.4,0.5806,0.7346
"10_9","SapBERT","topk",1,30,TRUE,2604,7.36,0.5987,0.749
"10_9","SapBERT","topk",1,30,FALSE,10073,28.45,0.6211,0.7663
"10_9","SapBERT","topk",1,50,TRUE,3574,10.1,0.651,0.7886
"10_9","SapBERT","topk",1,50,FALSE,16055,45.35,0.6777,0.8079
"10_9","SapBERT","topk",3,3,TRUE,1149,3.26,0.5315,0.6941
"10_9","SapBERT","topk",3,3,FALSE,1883,5.32,0.5432,0.704
"10_9","SapBERT","topk",3,5,TRUE,1371,3.89,0.556,0.7147
"10_9","SapBERT","topk",3,5,FALSE,2523,7.13,0.5688,0.7252
"10_9","SapBERT","topk",3,10,TRUE,1807,5.1,0.5902,0.7423
"10_9","SapBERT","topk",3,10,FALSE,4152,11.73,0.6073,0.7556
"10_9","SapBERT","topk",3,20,TRUE,2413,6.82,0.635,0.7768
"10_9","SapBERT","topk",3,20,FALSE,7405,20.92,0.6585,0.7941
"10_9","SapBERT","topk",3,30,TRUE,2931,8.28,0.6702,0.8026
"10_9","SapBERT","topk",3,30,FALSE,10590,29.92,0.6948,0.8199
"10_9","SapBERT","topk",3,50,TRUE,3877,10.95,0.7118,0.8317
"10_9","SapBERT","topk",3,50,FALSE,16542,46.73,0.7407,0.851
"10_9","SapBERT","topk",5,3,TRUE,1554,4.4,0.572,0.7278
"10_9","SapBERT","topk",5,3,FALSE,2569,7.26,0.5891,0.7414
"10_9","SapBERT","topk",5,5,TRUE,1764,5,0.5934,0.7448
"10_9","SapBERT","topk",5,5,FALSE,3193,9.02,0.6105,0.7581
"10_9","SapBERT","topk",5,10,TRUE,2181,6.16,0.6222,0.7671
"10_9","SapBERT","topk",5,10,FALSE,4798,13.55,0.6435,0.7831
"10_9","SapBERT","topk",5,20,TRUE,2755,7.78,0.6617,0.7964
"10_9","SapBERT","topk",5,20,FALSE,8010,22.63,0.6873,0.8147
"10_9","SapBERT","topk",5,30,TRUE,3257,9.2,0.6969,0.8214
"10_9","SapBERT","topk",5,30,FALSE,11171,31.56,0.7236,0.8396
"10_9","SapBERT","topk",5,50,TRUE,4172,11.79,0.7321,0.8453
"10_9","SapBERT","topk",5,50,FALSE,17084,48.26,0.7631,0.8656
"10_9","SapBERT","topk",10,3,TRUE,2385,6.76,0.6339,0.776
"10_9","SapBERT","topk",10,3,FALSE,4303,12.16,0.651,0.7886
"10_9","SapBERT","topk",10,5,TRUE,2580,7.31,0.6531,0.7902
"10_9","SapBERT","topk",10,5,FALSE,4904,13.85,0.6702,0.8026
"10_9","SapBERT","topk",10,10,TRUE,2971,8.39,0.6745,0.8056
"10_9","SapBERT","topk",10,10,FALSE,6474,18.29,0.6958,0.8206
"10_9","SapBERT","topk",10,20,TRUE,3508,9.91,0.7054,0.8273
"10_9","SapBERT","topk",10,20,FALSE,9629,27.2,0.7311,0.8446
"10_9","SapBERT","topk",10,30,TRUE,3976,11.23,0.7364,0.8482
"10_9","SapBERT","topk",10,30,FALSE,12740,35.99,0.7631,0.8656
"10_9","SapBERT","topk",10,50,TRUE,4842,13.68,0.7673,0.8684
"10_9","SapBERT","topk",10,50,FALSE,18580,52.49,0.7983,0.8878
"10_9","SapBERT","topk",20,3,TRUE,3704,10.49,0.6894,0.8162
"10_9","SapBERT","topk",20,3,FALSE,7795,22.02,0.7086,0.8295
"10_9","SapBERT","topk",20,5,TRUE,3880,10.99,0.7065,0.828
"10_9","SapBERT","topk",20,5,FALSE,8374,23.66,0.7257,0.8411
"10_9","SapBERT","topk",20,10,TRUE,4241,11.98,0.7236,0.8396
"10_9","SapBERT","topk",20,10,FALSE,9891,27.94,0.7471,0.8552
"10_9","SapBERT","topk",20,20,TRUE,4729,13.36,0.7524,0.8587
"10_9","SapBERT","topk",20,20,FALSE,12962,36.62,0.7791,0.8758
"10_9","SapBERT","topk",20,30,TRUE,5148,14.54,0.7769,0.8745
"10_9","SapBERT","topk",20,30,FALSE,15993,45.18,0.8047,0.8918
"10_9","SapBERT","topk",20,50,TRUE,5926,16.74,0.8026,0.8905
"10_9","SapBERT","topk",20,50,FALSE,21695,61.29,0.8335,0.9092
"10_9","SapBERT","topk",30,3,TRUE,4801,13.56,0.7118,0.8317
"10_9","SapBERT","topk",30,3,FALSE,11310,31.95,0.7332,0.8461
"10_9","SapBERT","topk",30,5,TRUE,4966,14.03,0.7268,0.8418
"10_9","SapBERT","topk",30,5,FALSE,11876,33.55,0.7481,0.8559
"10_9","SapBERT","topk",30,10,TRUE,5300,14.97,0.7439,0.8531
"10_9","SapBERT","topk",30,10,FALSE,13353,37.72,0.7684,0.869
"10_9","SapBERT","topk",30,20,TRUE,5756,16.26,0.7716,0.8711
"10_9","SapBERT","topk",30,20,FALSE,16364,46.23,0.7994,0.8885
"10_9","SapBERT","topk",30,30,TRUE,6148,17.37,0.7962,0.8865
"10_9","SapBERT","topk",30,30,FALSE,19335,54.62,0.825,0.9041
"10_9","SapBERT","topk",30,50,TRUE,6876,19.42,0.8207,0.9015
"10_9","SapBERT","topk",30,50,FALSE,24947,70.47,0.8517,0.9199
"10_9","SapBERT","topk",50,3,TRUE,6510,18.39,0.7503,0.8573
"10_9","SapBERT","topk",50,3,FALSE,18366,51.88,0.7737,0.8724
"10_9","SapBERT","topk",50,5,TRUE,6659,18.81,0.7641,0.8663
"10_9","SapBERT","topk",50,5,FALSE,18911,53.42,0.7876,0.8812
"10_9","SapBERT","topk",50,10,TRUE,6953,19.64,0.7769,0.8745
"10_9","SapBERT","topk",50,10,FALSE,20314,57.38,0.8026,0.8905
"10_9","SapBERT","topk",50,20,TRUE,7366,20.81,0.8004,0.8892
"10_9","SapBERT","topk",50,20,FALSE,23225,65.61,0.8292,0.9067
"10_9","SapBERT","topk",50,30,TRUE,7724,21.82,0.8239,0.9035
"10_9","SapBERT","topk",50,30,FALSE,26105,73.74,0.8538,0.9211
"10_9","SapBERT","topk",50,50,TRUE,8376,23.66,0.8442,0.9155
"10_9","SapBERT","topk",50,50,FALSE,31560,89.15,0.8762,0.934
"10_9","mpnet","relative",0.999,3,TRUE,717,2.04,0.4237,0.5952
"10_9","mpnet","relative",0.999,3,FALSE,1240,3.5,0.4333,0.6046
"10_9","mpnet","relative",0.999,5,TRUE,969,2.75,0.4578,0.6281
"10_9","mpnet","relative",0.999,5,FALSE,1910,5.4,0.4685,0.6381
"10_9","mpnet","relative",0.999,10,TRUE,1443,4.08,0.5112,0.6766
"10_9","mpnet","relative",0.999,10,FALSE,3585,10.13,0.5261,0.6895
"10_9","mpnet","relative",0.999,20,TRUE,2085,5.89,0.5667,0.7234
"10_9","mpnet","relative",0.999,20,FALSE,6877,19.43,0.588,0.7406
"10_9","mpnet","relative",0.999,30,TRUE,2621,7.4,0.6073,0.7556
"10_9","mpnet","relative",0.999,30,FALSE,10084,28.49,0.6297,0.7728
"10_9","mpnet","relative",0.999,50,TRUE,3589,10.14,0.6574,0.7933
"10_9","mpnet","relative",0.999,50,FALSE,16064,45.38,0.6841,0.8124
"10_9","mpnet","relative",0.995,3,TRUE,728,2.07,0.428,0.5994
"10_9","mpnet","relative",0.995,3,FALSE,1252,3.54,0.4376,0.6088
"10_9","mpnet","relative",0.995,5,TRUE,979,2.77,0.461,0.6311
"10_9","mpnet","relative",0.995,5,FALSE,1921,5.43,0.4717,0.641
"10_9","mpnet","relative",0.995,10,TRUE,1451,4.1,0.5144,0.6794
"10_9","mpnet","relative",0.995,10,FALSE,3594,10.15,0.5293,0.6923
"10_9","mpnet","relative",0.995,20,TRUE,2093,5.91,0.5699,0.726
"10_9","mpnet","relative",0.995,20,FALSE,6886,19.45,0.5912,0.7431
"10_9","mpnet","relative",0.995,30,TRUE,2629,7.43,0.6105,0.7581
"10_9","mpnet","relative",0.995,30,FALSE,10093,28.51,0.6329,0.7752
"10_9","mpnet","relative",0.995,50,TRUE,3596,10.16,0.6606,0.7956
"10_9","mpnet","relative",0.995,50,FALSE,16072,45.4,0.6873,0.8147
"10_9","mpnet","relative",0.99,3,TRUE,739,2.1,0.4354,0.6067
"10_9","mpnet","relative",0.99,3,FALSE,1266,3.58,0.445,0.616
"10_9","mpnet","relative",0.99,5,TRUE,990,2.8,0.4685,0.6381
"10_9","mpnet","relative",0.99,5,FALSE,1935,5.47,0.4792,0.6479
"10_9","mpnet","relative",0.99,10,TRUE,1461,4.13,0.5208,0.6849
"10_9","mpnet","relative",0.99,10,FALSE,3607,10.19,0.5358,0.6977
"10_9","mpnet","relative",0.99,20,TRUE,2101,5.94,0.5742,0.7295
"10_9","mpnet","relative",0.99,20,FALSE,6897,19.48,0.5955,0.7465
"10_9","mpnet","relative",0.99,30,TRUE,2636,7.45,0.6137,0.7606
"10_9","mpnet","relative",0.99,30,FALSE,10103,28.54,0.6361,0.7776
"10_9","mpnet","relative",0.99,50,TRUE,3601,10.17,0.6638,0.7979
"10_9","mpnet","relative",0.99,50,FALSE,16080,45.42,0.6905,0.8169
"10_9","mpnet","relative",0.95,3,TRUE,856,2.43,0.4803,0.6489
"10_9","mpnet","relative",0.95,3,FALSE,1402,3.96,0.4899,0.6576
"10_9","mpnet","relative",0.95,5,TRUE,1095,3.1,0.5091,0.6747
"10_9","mpnet","relative",0.95,5,FALSE,2059,5.82,0.5197,0.684
"10_9","mpnet","relative",0.95,10,TRUE,1551,4.38,0.5496,0.7094
"10_9","mpnet","relative",0.95,10,FALSE,3715,10.49,0.5646,0.7217
"10_9","mpnet","relative",0.95,20,TRUE,2185,6.17,0.6009,0.7507
"10_9","mpnet","relative",0.95,20,FALSE,6998,19.77,0.6222,0.7671
"10_9","mpnet","relative",0.95,30,TRUE,2710,7.66,0.6382,0.7792
"10_9","mpnet","relative",0.95,30,FALSE,10193,28.79,0.6606,0.7956
"10_9","mpnet","relative",0.95,50,TRUE,3666,10.36,0.683,0.8117
"10_9","mpnet","relative",0.95,50,FALSE,16161,45.65,0.7097,0.8302
"10_9","mpnet","relative",0.9,3,TRUE,1111,3.16,0.5411,0.7022
"10_9","mpnet","relative",0.9,3,FALSE,1724,4.87,0.5528,0.712
"10_9","mpnet","relative",0.9,5,TRUE,1344,3.81,0.5688,0.7252
"10_9","mpnet","relative",0.9,5,FALSE,2375,6.71,0.5816,0.7355
"10_9","mpnet","relative",0.9,10,TRUE,1779,5.03,0.5987,0.749
"10_9","mpnet","relative",0.9,10,FALSE,4010,11.33,0.6158,0.7622
"10_9","mpnet","relative",0.9,20,TRUE,2398,6.77,0.6403,0.7807
"10_9","mpnet","relative",0.9,20,FALSE,7274,20.55,0.6628,0.7972
"10_9","mpnet","relative",0.9,30,TRUE,2910,8.22,0.6724,0.8041
"10_9","mpnet","relative",0.9,30,FALSE,10455,29.53,0.6958,0.8206
"10_9","mpnet","relative",0.9,50,TRUE,3843,10.86,0.7118,0.8317
"10_9","mpnet","relative",0.9,50,FALSE,16400,46.33,0.7396,0.8503
"10_9","mpnet","relative",0.85,3,TRUE,1566,4.44,0.5966,0.7473
"10_9","mpnet","relative",0.85,3,FALSE,2354,6.65,0.6105,0.7581
"10_9","mpnet","relative",0.85,5,TRUE,1785,5.06,0.619,0.7647
"10_9","mpnet","relative",0.85,5,FALSE,2991,8.45,0.6339,0.776
"10_9","mpnet","relative",0.85,10,TRUE,2196,6.2,0.6457,0.7847
"10_9","mpnet","relative",0.85,10,FALSE,4600,12.99,0.6649,0.7987
"10_9","mpnet","relative",0.85,20,TRUE,2785,7.87,0.6756,0.8064
"10_9","mpnet","relative",0.85,20,FALSE,7831,22.12,0.7001,0.8236
"10_9","mpnet","relative",0.85,30,TRUE,3272,9.24,0.7033,0.8258
"10_9","mpnet","relative",0.85,30,FALSE,10984,31.03,0.7289,0.8432
"10_9","mpnet","relative",0.85,50,TRUE,4170,11.78,0.7353,0.8475
"10_9","mpnet","relative",0.85,50,FALSE,16891,47.71,0.7652,0.867
"10_9","mpnet","relative",0.8,3,TRUE,2373,6.72,0.667,0.8003
"10_9","mpnet","relative",0.8,3,FALSE,3529,9.97,0.682,0.8109
"10_9","mpnet","relative",0.8,5,TRUE,2570,7.28,0.6873,0.8147
"10_9","mpnet","relative",0.8,5,FALSE,4142,11.7,0.7033,0.8258
"10_9","mpnet","relative",0.8,10,TRUE,2949,8.33,0.7129,0.8324
"10_9","mpnet","relative",0.8,10,FALSE,5715,16.14,0.7332,0.8461
"10_9","mpnet","relative",0.8,20,TRUE,3506,9.9,0.7353,0.8475
"10_9","mpnet","relative",0.8,20,FALSE,8907,25.16,0.7609,0.8642
"10_9","mpnet","relative",0.8,30,TRUE,3967,11.21,0.7609,0.8642
"10_9","mpnet","relative",0.8,30,FALSE,12027,33.97,0.7876,0.8812
"10_9","mpnet","relative",0.8,50,TRUE,4820,13.62,0.7866,0.8805
"10_9","mpnet","relative",0.8,50,FALSE,17880,50.51,0.8175,0.8996
"10_9","mpnet","topk",1,3,TRUE,717,2.04,0.4237,0.5952
"10_9","mpnet","topk",1,3,FALSE,1240,3.5,0.4333,0.6046
"10_9","mpnet","topk",1,5,TRUE,969,2.75,0.4578,0.6281
"10_9","mpnet","topk",1,5,FALSE,1910,5.4,0.4685,0.6381
"10_9","mpnet","topk",1,10,TRUE,1443,4.08,0.5112,0.6766
"10_9","mpnet","topk",1,10,FALSE,3585,10.13,0.5261,0.6895
"10_9","mpnet","topk",1,20,TRUE,2085,5.89,0.5667,0.7234
"10_9","mpnet","topk",1,20,FALSE,6877,19.43,0.588,0.7406
"10_9","mpnet","topk",1,30,TRUE,2621,7.4,0.6073,0.7556
"10_9","mpnet","topk",1,30,FALSE,10084,28.49,0.6297,0.7728
"10_9","mpnet","topk",1,50,TRUE,3589,10.14,0.6574,0.7933
"10_9","mpnet","topk",1,50,FALSE,16064,45.38,0.6841,0.8124
"10_9","mpnet","topk",3,3,TRUE,1220,3.46,0.5571,0.7156
"10_9","mpnet","topk",3,3,FALSE,1879,5.31,0.572,0.7278
"10_9","mpnet","topk",3,5,TRUE,1438,4.07,0.5784,0.7329
"10_9","mpnet","topk",3,5,FALSE,2512,7.1,0.5945,0.7456
"10_9","mpnet","topk",3,10,TRUE,1872,5.29,0.6115,0.7589
"10_9","mpnet","topk",3,10,FALSE,4144,11.71,0.6318,0.7744
"10_9","mpnet","topk",3,20,TRUE,2470,6.98,0.651,0.7886
"10_9","mpnet","topk",3,20,FALSE,7385,20.86,0.6766,0.8071
"10_9","mpnet","topk",3,30,TRUE,2979,8.42,0.6852,0.8132
"10_9","mpnet","topk",3,30,FALSE,10561,29.83,0.7118,0.8317
"10_9","mpnet","topk",3,50,TRUE,3907,11.04,0.7236,0.8396
"10_9","mpnet","topk",3,50,FALSE,16498,46.6,0.7545,0.8601
"10_9","mpnet","topk",5,3,TRUE,1712,4.85,0.6265,0.7703
"10_9","mpnet","topk",5,3,FALSE,2548,7.2,0.6425,0.7823
"10_9","mpnet","topk",5,5,TRUE,1913,5.42,0.6435,0.7831
"10_9","mpnet","topk",5,5,FALSE,3163,8.94,0.6606,0.7956
"10_9","mpnet","topk",5,10,TRUE,2312,6.53,0.6702,0.8026
"10_9","mpnet","topk",5,10,FALSE,4757,13.44,0.6916,0.8177
"10_9","mpnet","topk",5,20,TRUE,2887,8.16,0.7012,0.8243
"10_9","mpnet","topk",5,20,FALSE,7969,22.51,0.7279,0.8425
"10_9","mpnet","topk",5,30,TRUE,3370,9.52,0.73,0.8439
"10_9","mpnet","topk",5,30,FALSE,11114,31.4,0.7577,0.8622
"10_9","mpnet","topk",5,50,TRUE,4265,12.05,0.7641,0.8663
"10_9","mpnet","topk",5,50,FALSE,17013,48.06,0.7962,0.8865
"10_9","mpnet","topk",10,3,TRUE,2905,8.23,0.698,0.8221
"10_9","mpnet","topk",10,3,FALSE,4273,12.07,0.715,0.8339
"10_9","mpnet","topk",10,5,TRUE,3077,8.72,0.7118,0.8317
"10_9","mpnet","topk",10,5,FALSE,4855,13.71,0.73,0.8439
"10_9","mpnet","topk",10,10,TRUE,3425,9.68,0.7279,0.8425
"10_9","mpnet","topk",10,10,FALSE,6389,18.05,0.7503,0.8573
"10_9","mpnet","topk",10,20,TRUE,3938,11.12,0.746,0.8545
"10_9","mpnet","topk",10,20,FALSE,9521,26.9,0.7727,0.8718
"10_9","mpnet","topk",10,30,TRUE,4372,12.35,0.7705,0.8704
"10_9","mpnet","topk",10,30,FALSE,12603,35.6,0.7983,0.8878
"10_9","mpnet","topk",10,50,TRUE,5190,14.66,0.7972,0.8872
"10_9","mpnet","topk",10,50,FALSE,18412,52.01,0.8292,0.9067
"10_9","mpnet","topk",20,3,TRUE,5029,14.25,0.7673,0.8684
"10_9","mpnet","topk",20,3,FALSE,7745,21.88,0.7887,0.8819
"10_9","mpnet","topk",20,5,TRUE,5173,14.65,0.7801,0.8765
"10_9","mpnet","topk",20,5,FALSE,8294,23.43,0.8015,0.8898
"10_9","mpnet","topk",20,10,TRUE,5451,15.4,0.793,0.8845
"10_9","mpnet","topk",20,10,FALSE,9739,27.51,0.8186,0.9002
"10_9","mpnet","topk",20,20,TRUE,5864,16.56,0.8068,0.8931
"10_9","mpnet","topk",20,20,FALSE,12742,35.99,0.8356,0.9105
"10_9","mpnet","topk",20,30,TRUE,6220,17.57,0.826,0.9047
"10_9","mpnet","topk",20,30,FALSE,15726,44.42,0.8559,0.9224
"10_9","mpnet","topk",20,50,TRUE,6912,19.53,0.8431,0.9149
"10_9","mpnet","topk",20,50,FALSE,21358,60.33,0.8762,0.934
"10_9","mpnet","topk",30,3,TRUE,6924,19.61,0.8026,0.8905
"10_9","mpnet","topk",30,3,FALSE,11237,31.74,0.825,0.9041
"10_9","mpnet","topk",30,5,TRUE,7048,19.97,0.8122,0.8963
"10_9","mpnet","topk",30,5,FALSE,11760,33.22,0.8346,0.9098
"10_9","mpnet","topk",30,10,TRUE,7287,20.58,0.8218,0.9022
"10_9","mpnet","topk",30,10,FALSE,13154,37.16,0.8474,0.9174
"10_9","mpnet","topk",30,20,TRUE,7652,21.62,0.8314,0.9079
"10_9","mpnet","topk",30,20,FALSE,16091,45.45,0.8602,0.9248
"10_9","mpnet","topk",30,30,TRUE,7955,22.47,0.8431,0.9149
"10_9","mpnet","topk",30,30,FALSE,18999,53.67,0.873,0.9322
"10_9","mpnet","topk",30,50,TRUE,8561,24.18,0.8602,0.9248
"10_9","mpnet","topk",30,50,FALSE,24512,69.24,0.8933,0.9436
"10_9","mpnet","topk",50,3,TRUE,10145,28.66,0.8442,0.9155
"10_9","mpnet","topk",50,3,FALSE,18278,51.63,0.8709,0.931
"10_9","mpnet","topk",50,5,TRUE,10240,28.93,0.8538,0.9211
"10_9","mpnet","topk",50,5,FALSE,18764,53.01,0.8805,0.9364
"10_9","mpnet","topk",50,10,TRUE,10431,29.47,0.8602,0.9248
"10_9","mpnet","topk",50,10,FALSE,20080,56.72,0.889,0.9412
"10_9","mpnet","topk",50,20,TRUE,10721,30.29,0.8687,0.9298
"10_9","mpnet","topk",50,20,FALSE,22893,64.67,0.9007,0.9478
"10_9","mpnet","topk",50,30,TRUE,10964,30.97,0.8794,0.9358
"10_9","mpnet","topk",50,30,FALSE,25693,72.58,0.9125,0.9542
"10_9","mpnet","topk",50,50,TRUE,11456,32.36,0.8922,0.943
"10_9","mpnet","topk",50,50,FALSE,31012,87.6,0.9274,0.9623
"8_9","SapBERT","relative",0.999,3,TRUE,703,2.03,0.8459,0.9165
"8_9","SapBERT","relative",0.999,3,FALSE,921,2.6,0.855,0.9218
"8_9","SapBERT","relative",0.999,5,TRUE,900,2.59,0.852,0.9201
"8_9","SapBERT","relative",0.999,5,FALSE,1390,3.93,0.861,0.9253
"8_9","SapBERT","relative",0.999,10,TRUE,1246,3.59,0.861,0.9253
"8_9","SapBERT","relative",0.999,10,FALSE,2498,7.06,0.8701,0.9305
"8_9","SapBERT","relative",0.999,20,TRUE,1717,4.95,0.864,0.9271
"8_9","SapBERT","relative",0.999,20,FALSE,4483,12.66,0.8731,0.9323
"8_9","SapBERT","relative",0.999,30,TRUE,2038,5.87,0.8671,0.9288
"8_9","SapBERT","relative",0.999,30,FALSE,6111,17.26,0.8761,0.934
"8_9","SapBERT","relative",0.999,50,TRUE,2415,6.96,0.8671,0.9288
"8_9","SapBERT","relative",0.999,50,FALSE,8597,24.29,0.8761,0.934
"8_9","SapBERT","relative",0.995,3,TRUE,712,2.05,0.852,0.9201
"8_9","SapBERT","relative",0.995,3,FALSE,931,2.63,0.861,0.9253
"8_9","SapBERT","relative",0.995,5,TRUE,909,2.61,0.858,0.9236
"8_9","SapBERT","relative",0.995,5,FALSE,1400,3.95,0.8671,0.9288
"8_9","SapBERT","relative",0.995,10,TRUE,1255,3.61,0.8671,0.9288
"8_9","SapBERT","relative",0.995,10,FALSE,2508,7.08,0.8761,0.934
"8_9","SapBERT","relative",0.995,20,TRUE,1726,4.96,0.8701,0.9305
"8_9","SapBERT","relative",0.995,20,FALSE,4493,12.69,0.8792,0.9357
"8_9","SapBERT","relative",0.995,30,TRUE,2047,5.88,0.8731,0.9323
"8_9","SapBERT","relative",0.995,30,FALSE,6121,17.29,0.8822,0.9374
"8_9","SapBERT","relative",0.995,50,TRUE,2424,6.97,0.8731,0.9323
"8_9","SapBERT","relative",0.995,50,FALSE,8607,24.31,0.8822,0.9374
"8_9","SapBERT","relative",0.99,3,TRUE,720,2.06,0.852,0.9201
"8_9","SapBERT","relative",0.99,3,FALSE,941,2.66,0.861,0.9253
"8_9","SapBERT","relative",0.99,5,TRUE,916,2.62,0.858,0.9236
"8_9","SapBERT","relative",0.99,5,FALSE,1409,3.98,0.8671,0.9288
"8_9","SapBERT","relative",0.99,10,TRUE,1262,3.62,0.8671,0.9288
"8_9","SapBERT","relative",0.99,10,FALSE,2517,7.11,0.8761,0.934
"8_9","SapBERT","relative",0.99,20,TRUE,1733,4.97,0.8701,0.9305
"8_9","SapBERT","relative",0.99,20,FALSE,4502,12.72,0.8792,0.9357
"8_9","SapBERT","relative",0.99,30,TRUE,2053,5.88,0.8731,0.9323
"8_9","SapBERT","relative",0.99,30,FALSE,6129,17.31,0.8822,0.9374
"8_9","SapBERT","relative",0.99,50,TRUE,2430,6.96,0.8731,0.9323
"8_9","SapBERT","relative",0.99,50,FALSE,8615,24.34,0.8822,0.9374
"8_9","SapBERT","relative",0.95,3,TRUE,805,2.29,0.8761,0.934
"8_9","SapBERT","relative",0.95,3,FALSE,1043,2.95,0.8852,0.9391
"8_9","SapBERT","relative",0.95,5,TRUE,999,2.85,0.8792,0.9357
"8_9","SapBERT","relative",0.95,5,FALSE,1508,4.26,0.8882,0.9408
"8_9","SapBERT","relative",0.95,10,TRUE,1345,3.83,0.8882,0.9408
"8_9","SapBERT","relative",0.95,10,FALSE,2616,7.39,0.8973,0.9459
"8_9","SapBERT","relative",0.95,20,TRUE,1813,5.17,0.8882,0.9408
"8_9","SapBERT","relative",0.95,20,FALSE,4598,12.99,0.8973,0.9459
"8_9","SapBERT","relative",0.95,30,TRUE,2130,6.07,0.8912,0.9425
"8_9","SapBERT","relative",0.95,30,FALSE,6222,17.58,0.9003,0.9475
"8_9","SapBERT","relative",0.95,50,TRUE,2507,7.14,0.8912,0.9425
"8_9","SapBERT","relative",0.95,50,FALSE,8708,24.6,0.9003,0.9475
"8_9","SapBERT","relative",0.9,3,TRUE,981,2.78,0.8943,0.9442
"8_9","SapBERT","relative",0.9,3,FALSE,1273,3.6,0.9033,0.9492
"8_9","SapBERT","relative",0.9,5,TRUE,1171,3.32,0.8973,0.9459
"8_9","SapBERT","relative",0.9,5,FALSE,1734,4.9,0.9063,0.9509
"8_9","SapBERT","relative",0.9,10,TRUE,1509,4.27,0.9063,0.9509
"8_9","SapBERT","relative",0.9,10,FALSE,2834,8.01,0.9154,0.9558
"8_9","SapBERT","relative",0.9,20,TRUE,1973,5.59,0.9063,0.9509
"8_9","SapBERT","relative",0.9,20,FALSE,4812,13.59,0.9154,0.9558
"8_9","SapBERT","relative",0.9,30,TRUE,2288,6.48,0.9063,0.9509
"8_9","SapBERT","relative",0.9,30,FALSE,6434,18.18,0.9154,0.9558
"8_9","SapBERT","relative",0.9,50,TRUE,2659,7.53,0.9063,0.9509
"8_9","SapBERT","relative",0.9,50,FALSE,8913,25.18,0.9154,0.9558
"8_9","SapBERT","relative",0.85,3,TRUE,1284,3.64,0.9154,0.9558
"8_9","SapBERT","relative",0.85,3,FALSE,1779,5.03,0.9245,0.9608
"8_9","SapBERT","relative",0.85,5,TRUE,1465,4.15,0.9184,0.9575
"8_9","SapBERT","relative",0.85,5,FALSE,2230,6.3,0.9275,0.9624
"8_9","SapBERT","relative",0.85,10,TRUE,1791,5.07,0.9215,0.9591
"8_9","SapBERT","relative",0.85,10,FALSE,3318,9.37,0.9305,0.964
"8_9","SapBERT","relative",0.85,20,TRUE,2245,6.36,0.9215,0.9591
"8_9","SapBERT","relative",0.85,20,FALSE,5286,14.93,0.9305,0.964
"8_9","SapBERT","relative",0.85,30,TRUE,2551,7.23,0.9215,0.9591
"8_9","SapBERT","relative",0.85,30,FALSE,6898,19.49,0.9305,0.964
"8_9","SapBERT","relative",0.85,50,TRUE,2921,8.27,0.9215,0.9591
"8_9","SapBERT","relative",0.85,50,FALSE,9376,26.49,0.9305,0.964
"8_9","SapBERT","relative",0.8,3,TRUE,1762,4.98,0.9275,0.9624
"8_9","SapBERT","relative",0.8,3,FALSE,2782,7.86,0.9366,0.9672
"8_9","SapBERT","relative",0.8,5,TRUE,1937,5.47,0.9305,0.964
"8_9","SapBERT","relative",0.8,5,FALSE,3227,9.12,0.9396,0.9688
"8_9","SapBERT","relative",0.8,10,TRUE,2240,6.33,0.9335,0.9656
"8_9","SapBERT","relative",0.8,10,FALSE,4289,12.12,0.9426,0.9705
"8_9","SapBERT","relative",0.8,20,TRUE,2672,7.55,0.9335,0.9656
"8_9","SapBERT","relative",0.8,20,FALSE,6232,17.6,0.9426,0.9705
"8_9","SapBERT","relative",0.8,30,TRUE,2962,8.37,0.9335,0.9656
"8_9","SapBERT","relative",0.8,30,FALSE,7823,22.1,0.9426,0.9705
"8_9","SapBERT","relative",0.8,50,TRUE,3319,9.38,0.9335,0.9656
"8_9","SapBERT","relative",0.8,50,FALSE,10286,29.06,0.9426,0.9705
"8_9","SapBERT","topk",1,3,TRUE,702,2.02,0.8429,0.9148
"8_9","SapBERT","topk",1,3,FALSE,920,2.6,0.852,0.9201
"8_9","SapBERT","topk",1,5,TRUE,899,2.59,0.8489,0.9183
"8_9","SapBERT","topk",1,5,FALSE,1389,3.92,0.858,0.9236
"8_9","SapBERT","topk",1,10,TRUE,1245,3.59,0.858,0.9236
"8_9","SapBERT","topk",1,10,FALSE,2497,7.05,0.8671,0.9288
"8_9","SapBERT","topk",1,20,TRUE,1716,4.95,0.861,0.9253
"8_9","SapBERT","topk",1,20,FALSE,4482,12.66,0.8701,0.9305
"8_9","SapBERT","topk",1,30,TRUE,2037,5.87,0.864,0.9271
"8_9","SapBERT","topk",1,30,FALSE,6110,17.26,0.8731,0.9323
"8_9","SapBERT","topk",1,50,TRUE,2414,6.96,0.864,0.9271
"8_9","SapBERT","topk",1,50,FALSE,8596,24.28,0.8731,0.9323
"8_9","SapBERT","topk",3,3,TRUE,1270,3.61,0.8943,0.9442
"8_9","SapBERT","topk",3,3,FALSE,1553,4.39,0.9033,0.9492
"8_9","SapBERT","topk",3,5,TRUE,1440,4.09,0.8973,0.9459
"8_9","SapBERT","topk",3,5,FALSE,1992,5.63,0.9063,0.9509
"8_9","SapBERT","topk",3,10,TRUE,1738,4.94,0.8973,0.9459
"8_9","SapBERT","topk",3,10,FALSE,3052,8.62,0.9063,0.9509
"8_9","SapBERT","topk",3,20,TRUE,2168,6.16,0.8973,0.9459
"8_9","SapBERT","topk",3,20,FALSE,4995,14.11,0.9063,0.9509
"8_9","SapBERT","topk",3,30,TRUE,2467,7.01,0.8973,0.9459
"8_9","SapBERT","topk",3,30,FALSE,6600,18.64,0.9063,0.9509
"8_9","SapBERT","topk",3,50,TRUE,2823,8.02,0.8973,0.9459
"8_9","SapBERT","topk",3,50,FALSE,9064,25.6,0.9063,0.9509
"8_9","SapBERT","topk",5,3,TRUE,1821,5.16,0.9124,0.9542
"8_9","SapBERT","topk",5,3,FALSE,2225,6.29,0.9215,0.9591
"8_9","SapBERT","topk",5,5,TRUE,1974,5.59,0.9154,0.9558
"8_9","SapBERT","topk",5,5,FALSE,2646,7.47,0.9245,0.9608
"8_9","SapBERT","topk",5,10,TRUE,2246,6.36,0.9154,0.9558
"8_9","SapBERT","topk",5,10,FALSE,3679,10.39,0.9245,0.9608
"8_9","SapBERT","topk",5,20,TRUE,2649,7.5,0.9154,0.9558
"8_9","SapBERT","topk",5,20,FALSE,5592,15.8,0.9245,0.9608
"8_9","SapBERT","topk",5,30,TRUE,2919,8.27,0.9154,0.9558
"8_9","SapBERT","topk",5,30,FALSE,7166,20.24,0.9245,0.9608
"8_9","SapBERT","topk",5,50,TRUE,3256,9.22,0.9154,0.9558
"8_9","SapBERT","topk",5,50,FALSE,9610,27.15,0.9245,0.9608
"8_9","SapBERT","topk",10,3,TRUE,2971,8.39,0.9305,0.964
"8_9","SapBERT","topk",10,3,FALSE,3930,11.1,0.9396,0.9688
"8_9","SapBERT","topk",10,5,TRUE,3099,8.75,0.9335,0.9656
"8_9","SapBERT","topk",10,5,FALSE,4322,12.21,0.9426,0.9705
"8_9","SapBERT","topk",10,10,TRUE,3319,9.38,0.9335,0.9656
"8_9","SapBERT","topk",10,10,FALSE,5291,14.95,0.9426,0.9705
"8_9","SapBERT","topk",10,20,TRUE,3651,10.31,0.9335,0.9656
"8_9","SapBERT","topk",10,20,FALSE,7124,20.12,0.9426,0.9705
"8_9","SapBERT","topk",10,30,TRUE,3871,10.94,0.9335,0.9656
"8_9","SapBERT","topk",10,30,FALSE,8636,24.4,0.9426,0.9705
"8_9","SapBERT","topk",10,50,TRUE,4162,11.76,0.9335,0.9656
"8_9","SapBERT","topk",10,50,FALSE,11022,31.14,0.9426,0.9705
"8_9","SapBERT","topk",20,3,TRUE,4650,13.14,0.9426,0.9705
"8_9","SapBERT","topk",20,3,FALSE,7408,20.93,0.9517,0.9752
"8_9","SapBERT","topk",20,5,TRUE,4753,13.43,0.9456,0.972
"8_9","SapBERT","topk",20,5,FALSE,7761,21.92,0.9547,0.9768
"8_9","SapBERT","topk",20,10,TRUE,4906,13.86,0.9456,0.972
"8_9","SapBERT","topk",20,10,FALSE,8633,24.39,0.9547,0.9768
"8_9","SapBERT","topk",20,20,TRUE,5162,14.58,0.9456,0.972
"8_9","SapBERT","topk",20,20,FALSE,10356,29.25,0.9547,0.9768
"8_9","SapBERT","topk",20,30,TRUE,5329,15.05,0.9456,0.972
"8_9","SapBERT","topk",20,30,FALSE,11791,33.31,0.9547,0.9768
"8_9","SapBERT","topk",20,50,TRUE,5570,15.73,0.9456,0.972
"8_9","SapBERT","topk",20,50,FALSE,14105,39.84,0.9547,0.9768
"8_9","SapBERT","topk",30,3,TRUE,5869,16.58,0.9577,0.9784
"8_9","SapBERT","topk",30,3,FALSE,10908,30.81,0.9668,0.9831
"8_9","SapBERT","topk",30,5,TRUE,5946,16.8,0.9607,0.98
"8_9","SapBERT","topk",30,5,FALSE,11227,31.71,0.9698,0.9847
"8_9","SapBERT","topk",30,10,TRUE,6068,17.14,0.9607,0.98
"8_9","SapBERT","topk",30,10,FALSE,12041,34.01,0.9698,0.9847
"8_9","SapBERT","topk",30,20,TRUE,6278,17.73,0.9607,0.98
"8_9","SapBERT","topk",30,20,FALSE,13681,38.65,0.9698,0.9847
"8_9","SapBERT","topk",30,30,TRUE,6417,18.13,0.9607,0.98
"8_9","SapBERT","topk",30,30,FALSE,15063,42.55,0.9698,0.9847
"8_9","SapBERT","topk",30,50,TRUE,6626,18.72,0.9607,0.98
"8_9","SapBERT","topk",30,50,FALSE,17314,48.91,0.9698,0.9847
"8_9","SapBERT","topk",50,3,TRUE,7648,21.6,0.9668,0.9831
"8_9","SapBERT","topk",50,3,FALSE,17926,50.64,0.9758,0.9878
"8_9","SapBERT","topk",50,5,TRUE,7698,21.75,0.9668,0.9831
"8_9","SapBERT","topk",50,5,FALSE,18203,51.42,0.9758,0.9878
"8_9","SapBERT","topk",50,10,TRUE,7783,21.99,0.9668,0.9831
"8_9","SapBERT","topk",50,10,FALSE,18941,53.51,0.9758,0.9878
"8_9","SapBERT","topk",50,20,TRUE,7950,22.46,0.9668,0.9831
"8_9","SapBERT","topk",50,20,FALSE,20468,57.82,0.9758,0.9878
"8_9","SapBERT","topk",50,30,TRUE,8060,22.77,0.9668,0.9831
"8_9","SapBERT","topk",50,30,FALSE,21767,61.49,0.9758,0.9878
"8_9","SapBERT","topk",50,50,TRUE,8228,23.24,0.9668,0.9831
"8_9","SapBERT","topk",50,50,FALSE,23904,67.53,0.9758,0.9878
"8_9","mpnet","relative",0.999,3,TRUE,701,2.05,0.8157,0.8985
"8_9","mpnet","relative",0.999,3,FALSE,927,2.62,0.8248,0.904
"8_9","mpnet","relative",0.999,5,TRUE,899,2.63,0.8218,0.9022
"8_9","mpnet","relative",0.999,5,FALSE,1395,3.94,0.8308,0.9076
"8_9","mpnet","relative",0.999,10,TRUE,1245,3.64,0.8308,0.9076
"8_9","mpnet","relative",0.999,10,FALSE,2504,7.07,0.8399,0.913
"8_9","mpnet","relative",0.999,20,TRUE,1719,5.01,0.8399,0.913
"8_9","mpnet","relative",0.999,20,FALSE,4492,12.69,0.8489,0.9183
"8_9","mpnet","relative",0.999,30,TRUE,2041,5.95,0.8429,0.9148
"8_9","mpnet","relative",0.999,30,FALSE,6121,17.29,0.852,0.9201
"8_9","mpnet","relative",0.999,50,TRUE,2419,7.05,0.8429,0.9148
"8_9","mpnet","relative",0.999,50,FALSE,8608,24.32,0.852,0.9201
"8_9","mpnet","relative",0.995,3,TRUE,704,2.06,0.8157,0.8985
"8_9","mpnet","relative",0.995,3,FALSE,931,2.63,0.8248,0.904
"8_9","mpnet","relative",0.995,5,TRUE,901,2.63,0.8218,0.9022
"8_9","mpnet","relative",0.995,5,FALSE,1398,3.95,0.8308,0.9076
"8_9","mpnet","relative",0.995,10,TRUE,1246,3.64,0.8308,0.9076
"8_9","mpnet","relative",0.995,10,FALSE,2506,7.08,0.8399,0.913
"8_9","mpnet","relative",0.995,20,TRUE,1719,5.01,0.8399,0.913
"8_9","mpnet","relative",0.995,20,FALSE,4493,12.69,0.8489,0.9183
"8_9","mpnet","relative",0.995,30,TRUE,2041,5.95,0.8429,0.9148
"8_9","mpnet","relative",0.995,30,FALSE,6122,17.29,0.852,0.9201
"8_9","mpnet","relative",0.995,50,TRUE,2419,7.05,0.8429,0.9148
"8_9","mpnet","relative",0.995,50,FALSE,8609,24.32,0.852,0.9201
"8_9","mpnet","relative",0.99,3,TRUE,710,2.08,0.8157,0.8985
"8_9","mpnet","relative",0.99,3,FALSE,938,2.65,0.8248,0.904
"8_9","mpnet","relative",0.99,5,TRUE,907,2.65,0.8218,0.9022
"8_9","mpnet","relative",0.99,5,FALSE,1405,3.97,0.8308,0.9076
"8_9","mpnet","relative",0.99,10,TRUE,1251,3.66,0.8308,0.9076
"8_9","mpnet","relative",0.99,10,FALSE,2512,7.1,0.8399,0.913
"8_9","mpnet","relative",0.99,20,TRUE,1724,5.03,0.8399,0.913
"8_9","mpnet","relative",0.99,20,FALSE,4499,12.71,0.8489,0.9183
"8_9","mpnet","relative",0.99,30,TRUE,2046,5.97,0.8429,0.9148
"8_9","mpnet","relative",0.99,30,FALSE,6128,17.31,0.852,0.9201
"8_9","mpnet","relative",0.99,50,TRUE,2424,7.07,0.8429,0.9148
"8_9","mpnet","relative",0.99,50,FALSE,8615,24.34,0.852,0.9201
"8_9","mpnet","relative",0.95,3,TRUE,812,2.35,0.8308,0.9076
"8_9","mpnet","relative",0.95,3,FALSE,1065,3.01,0.8399,0.913
"8_9","mpnet","relative",0.95,5,TRUE,1008,2.91,0.8369,0.9112
"8_9","mpnet","relative",0.95,5,FALSE,1531,4.32,0.8459,0.9165
"8_9","mpnet","relative",0.95,10,TRUE,1349,3.9,0.8459,0.9165
"8_9","mpnet","relative",0.95,10,FALSE,2635,7.44,0.855,0.9218
"8_9","mpnet","relative",0.95,20,TRUE,1815,5.23,0.8459,0.9165
"8_9","mpnet","relative",0.95,20,FALSE,4615,13.04,0.855,0.9218
"8_9","mpnet","relative",0.95,30,TRUE,2132,6.14,0.8489,0.9183
"8_9","mpnet","relative",0.95,30,FALSE,6239,17.62,0.858,0.9236
"8_9","mpnet","relative",0.95,50,TRUE,2508,7.23,0.8489,0.9183
"8_9","mpnet","relative",0.95,50,FALSE,8724,24.64,0.858,0.9236
"8_9","mpnet","relative",0.9,3,TRUE,1019,2.93,0.861,0.9253
"8_9","mpnet","relative",0.9,3,FALSE,1333,3.77,0.8701,0.9305
"8_9","mpnet","relative",0.9,5,TRUE,1208,3.47,0.864,0.9271
"8_9","mpnet","relative",0.9,5,FALSE,1792,5.06,0.8731,0.9323
"8_9","mpnet","relative",0.9,10,TRUE,1544,4.44,0.8731,0.9323
"8_9","mpnet","relative",0.9,10,FALSE,2887,8.16,0.8822,0.9374
"8_9","mpnet","relative",0.9,20,TRUE,2004,5.76,0.8731,0.9323
"8_9","mpnet","relative",0.9,20,FALSE,4859,13.73,0.8822,0.9374
"8_9","mpnet","relative",0.9,30,TRUE,2316,6.66,0.8761,0.934
"8_9","mpnet","relative",0.9,30,FALSE,6477,18.3,0.8852,0.9391
"8_9","mpnet","relative",0.9,50,TRUE,2685,7.72,0.8761,0.934
"8_9","mpnet","relative",0.9,50,FALSE,8954,25.29,0.8852,0.9391
"8_9","mpnet","relative",0.85,3,TRUE,1367,3.88,0.8882,0.9408
"8_9","mpnet","relative",0.85,3,FALSE,1855,5.24,0.8973,0.9459
"8_9","mpnet","relative",0.85,5,TRUE,1548,4.4,0.8912,0.9425
"8_9","mpnet","relative",0.85,5,FALSE,2303,6.51,0.9003,0.9475
"8_9","mpnet","relative",0.85,10,TRUE,1872,5.32,0.9003,0.9475
"8_9","mpnet","relative",0.85,10,FALSE,3382,9.55,0.9094,0.9525
"8_9","mpnet","relative",0.85,20,TRUE,2319,6.59,0.9003,0.9475
"8_9","mpnet","relative",0.85,20,FALSE,5337,15.08,0.9094,0.9525
"8_9","mpnet","relative",0.85,30,TRUE,2623,7.45,0.9033,0.9492
"8_9","mpnet","relative",0.85,30,FALSE,6946,19.62,0.9124,0.9542
"8_9","mpnet","relative",0.85,50,TRUE,2984,8.48,0.9033,0.9492
"8_9","mpnet","relative",0.85,50,FALSE,9415,26.6,0.9124,0.9542
"8_9","mpnet","relative",0.8,3,TRUE,1878,5.32,0.9033,0.9492
"8_9","mpnet","relative",0.8,3,FALSE,2669,7.54,0.9124,0.9542
"8_9","mpnet","relative",0.8,5,TRUE,2047,5.8,0.9063,0.9509
"8_9","mpnet","relative",0.8,5,FALSE,3104,8.77,0.9154,0.9558
"8_9","mpnet","relative",0.8,10,TRUE,2354,6.67,0.9124,0.9542
"8_9","mpnet","relative",0.8,10,FALSE,4163,11.76,0.9215,0.9591
"8_9","mpnet","relative",0.8,20,TRUE,2780,7.88,0.9124,0.9542
"8_9","mpnet","relative",0.8,20,FALSE,6092,17.21,0.9215,0.9591
"8_9","mpnet","relative",0.8,30,TRUE,3074,8.71,0.9154,0.9558
"8_9","mpnet","relative",0.8,30,FALSE,7689,21.72,0.9245,0.9608
"8_9","mpnet","relative",0.8,50,TRUE,3421,9.69,0.9154,0.9558
"8_9","mpnet","relative",0.8,50,FALSE,10142,28.65,0.9245,0.9608
"8_9","mpnet","topk",1,3,TRUE,701,2.05,0.8157,0.8985
"8_9","mpnet","topk",1,3,FALSE,926,2.62,0.8248,0.904
"8_9","mpnet","topk",1,5,TRUE,899,2.63,0.8218,0.9022
"8_9","mpnet","topk",1,5,FALSE,1394,3.94,0.8308,0.9076
"8_9","mpnet","topk",1,10,TRUE,1245,3.64,0.8308,0.9076
"8_9","mpnet","topk",1,10,FALSE,2503,7.07,0.8399,0.913
"8_9","mpnet","topk",1,20,TRUE,1719,5.01,0.8399,0.913
"8_9","mpnet","topk",1,20,FALSE,4491,12.69,0.8489,0.9183
"8_9","mpnet","topk",1,30,TRUE,2041,5.95,0.8429,0.9148
"8_9","mpnet","topk",1,30,FALSE,6120,17.29,0.852,0.9201
"8_9","mpnet","topk",1,50,TRUE,2419,7.05,0.8429,0.9148
"8_9","mpnet","topk",1,50,FALSE,8607,24.31,0.852,0.9201
"8_9","mpnet","topk",3,3,TRUE,1237,3.54,0.861,0.9253
"8_9","mpnet","topk",3,3,FALSE,1556,4.4,0.8701,0.9305
"8_9","mpnet","topk",3,5,TRUE,1410,4.04,0.8671,0.9288
"8_9","mpnet","topk",3,5,FALSE,1998,5.64,0.8761,0.934
"8_9","mpnet","topk",3,10,TRUE,1712,4.91,0.8731,0.9323
"8_9","mpnet","topk",3,10,FALSE,3059,8.64,0.8822,0.9374
"8_9","mpnet","topk",3,20,TRUE,2141,6.13,0.8731,0.9323
"8_9","mpnet","topk",3,20,FALSE,4998,14.12,0.8822,0.9374
"8_9","mpnet","topk",3,30,TRUE,2434,6.97,0.8761,0.934
"8_9","mpnet","topk",3,30,FALSE,6596,18.63,0.8852,0.9391
"8_9","mpnet","topk",3,50,TRUE,2793,8,0.8761,0.934
"8_9","mpnet","topk",3,50,FALSE,9061,25.6,0.8852,0.9391
"8_9","mpnet","topk",5,3,TRUE,1771,5.03,0.8852,0.9391
"8_9","mpnet","topk",5,3,FALSE,2226,6.29,0.8943,0.9442
"8_9","mpnet","topk",5,5,TRUE,1917,5.45,0.8882,0.9408
"8_9","mpnet","topk",5,5,FALSE,2640,7.46,0.8973,0.9459
"8_9","mpnet","topk",5,10,TRUE,2189,6.22,0.8912,0.9425
"8_9","mpnet","topk",5,10,FALSE,3664,10.35,0.9003,0.9475
"8_9","mpnet","topk",5,20,TRUE,2590,7.36,0.8912,0.9425
"8_9","mpnet","topk",5,20,FALSE,5571,15.74,0.9003,0.9475
"8_9","mpnet","topk",5,30,TRUE,2860,8.12,0.8912,0.9425
"8_9","mpnet","topk",5,30,FALSE,7145,20.18,0.9003,0.9475
"8_9","mpnet","topk",5,50,TRUE,3195,9.08,0.8912,0.9425
"8_9","mpnet","topk",5,50,FALSE,9579,27.06,0.9003,0.9475
"8_9","mpnet","topk",10,3,TRUE,2941,8.36,0.9094,0.9525
"8_9","mpnet","topk",10,3,FALSE,3924,11.08,0.9184,0.9575
"8_9","mpnet","topk",10,5,TRUE,3061,8.7,0.9124,0.9542
"8_9","mpnet","topk",10,5,FALSE,4299,12.14,0.9215,0.9591
"8_9","mpnet","topk",10,10,TRUE,3261,9.26,0.9124,0.9542
"8_9","mpnet","topk",10,10,FALSE,5233,14.78,0.9215,0.9591
"8_9","mpnet","topk",10,20,TRUE,3585,10.18,0.9124,0.9542
"8_9","mpnet","topk",10,20,FALSE,7045,19.9,0.9215,0.9591
"8_9","mpnet","topk",10,30,TRUE,3817,10.84,0.9124,0.9542
"8_9","mpnet","topk",10,30,FALSE,8565,24.19,0.9215,0.9591
"8_9","mpnet","topk",10,50,TRUE,4111,11.68,0.9124,0.9542
"8_9","mpnet","topk",10,50,FALSE,10945,30.92,0.9215,0.9591
"8_9","mpnet","topk",20,3,TRUE,4931,13.93,0.9275,0.9624
"8_9","mpnet","topk",20,3,FALSE,7374,20.83,0.9366,0.9672
"8_9","mpnet","topk",20,5,TRUE,5016,14.17,0.9305,0.964
"8_9","mpnet","topk",20,5,FALSE,7694,21.73,0.9396,0.9688
"8_9","mpnet","topk",20,10,TRUE,5167,14.6,0.9305,0.964
"8_9","mpnet","topk",20,10,FALSE,8548,24.15,0.9396,0.9688
"8_9","mpnet","topk",20,20,TRUE,5400,15.25,0.9305,0.964
"8_9","mpnet","topk",20,20,FALSE,10222,28.88,0.9396,0.9688
"8_9","mpnet","topk",20,30,TRUE,5558,15.7,0.9305,0.964
"8_9","mpnet","topk",20,30,FALSE,11642,32.89,0.9396,0.9688
"8_9","mpnet","topk",20,50,TRUE,5789,16.35,0.9305,0.964
"8_9","mpnet","topk",20,50,FALSE,13925,39.34,0.9396,0.9688
"8_9","mpnet","topk",30,3,TRUE,6521,18.42,0.9426,0.9705
"8_9","mpnet","topk",30,3,FALSE,10875,30.72,0.9517,0.9752
"8_9","mpnet","topk",30,5,TRUE,6577,18.58,0.9456,0.972
"8_9","mpnet","topk",30,5,FALSE,11152,31.5,0.9547,0.9768
"8_9","mpnet","topk",30,10,TRUE,6686,18.89,0.9456,0.972
"8_9","mpnet","topk",30,10,FALSE,11939,33.73,0.9547,0.9768
"8_9","mpnet","topk",30,20,TRUE,6867,19.4,0.9456,0.972
"8_9","mpnet","topk",30,20,FALSE,13515,38.18,0.9547,0.9768
"8_9","mpnet","topk",30,30,TRUE,6981,19.72,0.9456,0.972
"8_9","mpnet","topk",30,30,FALSE,14856,41.97,0.9547,0.9768
"8_9","mpnet","topk",30,50,TRUE,7179,20.28,0.9456,0.972
"8_9","mpnet","topk",30,50,FALSE,17063,48.2,0.9547,0.9768
"8_9","mpnet","topk",50,3,TRUE,9082,25.66,0.9607,0.98
"8_9","mpnet","topk",50,3,FALSE,17901,50.57,0.9698,0.9847
"8_9","mpnet","topk",50,5,TRUE,9117,25.75,0.9607,0.98
"8_9","mpnet","topk",50,5,FALSE,18142,51.25,0.9698,0.9847
"8_9","mpnet","topk",50,10,TRUE,9179,25.93,0.9607,0.98
"8_9","mpnet","topk",50,10,FALSE,18836,53.21,0.9698,0.9847
"8_9","mpnet","topk",50,20,TRUE,9299,26.27,0.9607,0.98
"8_9","mpnet","topk",50,20,FALSE,20263,57.24,0.9698,0.9847
"8_9","mpnet","topk",50,30,TRUE,9373,26.48,0.9607,0.98
"8_9","mpnet","topk",50,30,FALSE,21501,60.74,0.9698,0.9847
"8_9","mpnet","topk",50,50,TRUE,9518,26.89,0.9607,0.98
"8_9","mpnet","topk",50,50,FALSE,23585,66.62,0.9698,0.9847
