"CCS_ID","description","n_codes","model","n_codes_evaluated","n_manual_pairs","TP","FP","FN","precision","recall","f1","accuracy"
1,"cancer of head and neck",12,"ClinicalBERT-base",12,18,16,9,2,0.64,0.889,0.744,0.593
1,"cancer of head and neck",12,"ClinicalBERT-base-nocode",12,18,16,1,2,0.941,0.889,0.914,0.842
1,"cancer of head and neck",12,"ClinicalBERT-original",12,18,16,9,2,0.64,0.889,0.744,0.593
1,"cancer of head and neck",12,"ClinicalBERT-stopwords",12,18,14,6,4,0.7,0.778,0.737,0.583
1,"cancer of head and neck",12,"ClinicalBERT-stopwords-nocode",12,18,15,4,3,0.789,0.833,0.811,0.682
1,"cancer of head and neck",12,"SapBERT-base",12,18,16,2,2,0.889,0.889,0.889,0.8
1,"cancer of head and neck",12,"mpnet-base",12,18,16,3,2,0.842,0.889,0.865,0.762
2,"cancer of esophagus",1,"ClinicalBERT-base",1,1,1,0,0,1,1,1,1
2,"cancer of esophagus",1,"ClinicalBERT-base-nocode",1,1,1,0,0,1,1,1,1
2,"cancer of esophagus",1,"ClinicalBERT-original",1,1,1,0,0,1,1,1,1
2,"cancer of esophagus",1,"ClinicalBERT-stopwords",1,1,1,0,0,1,1,1,1
2,"cancer of esophagus",1,"ClinicalBERT-stopwords-nocode",1,1,1,0,0,1,1,1,1
2,"cancer of esophagus",1,"SapBERT-base",1,1,1,0,0,1,1,1,1
2,"cancer of esophagus",1,"mpnet-base",1,1,1,0,0,1,1,1,1
3,"cancer of stomach",1,"ClinicalBERT-base",1,1,1,1,0,0.5,1,0.667,0.5
3,"cancer of stomach",1,"ClinicalBERT-base-nocode",1,1,1,0,0,1,1,1,1
3,"cancer of stomach",1,"ClinicalBERT-original",1,1,1,1,0,0.5,1,0.667,0.5
3,"cancer of stomach",1,"ClinicalBERT-stopwords",1,1,1,0,0,1,1,1,1
3,"cancer of stomach",1,"ClinicalBERT-stopwords-nocode",1,1,1,0,0,1,1,1,1
3,"cancer of stomach",1,"SapBERT-base",1,1,1,0,0,1,1,1,1
3,"cancer of stomach",1,"mpnet-base",1,1,1,0,0,1,1,1,1
4,"cancer of other gi organs peritoneum",5,"ClinicalBERT-base",5,9,3,8,6,0.273,0.333,0.3,0.176
4,"cancer of other gi organs peritoneum",5,"ClinicalBERT-base-nocode",5,9,3,6,6,0.333,0.333,0.333,0.2
4,"cancer of other gi organs peritoneum",5,"ClinicalBERT-original",5,9,3,7,6,0.3,0.333,0.316,0.188
4,"cancer of other gi organs peritoneum",5,"ClinicalBERT-stopwords",5,9,3,7,6,0.3,0.333,0.316,0.188
4,"cancer of other gi organs peritoneum",5,"ClinicalBERT-stopwords-nocode",5,9,3,8,6,0.273,0.333,0.3,0.176
4,"cancer of other gi organs peritoneum",5,"SapBERT-base",5,9,6,5,3,0.545,0.667,0.6,0.429
4,"cancer of other gi organs peritoneum",5,"mpnet-base",5,9,5,6,4,0.455,0.556,0.5,0.333
5,"colon cancer",1,"ClinicalBERT-base",1,1,1,0,0,1,1,1,1
5,"colon cancer",1,"ClinicalBERT-base-nocode",1,1,1,0,0,1,1,1,1
5,"colon cancer",1,"ClinicalBERT-original",1,1,1,0,0,1,1,1,1
5,"colon cancer",1,"ClinicalBERT-stopwords",1,1,1,0,0,1,1,1,1
5,"colon cancer",1,"ClinicalBERT-stopwords-nocode",1,1,1,0,0,1,1,1,1
5,"colon cancer",1,"SapBERT-base",1,1,1,0,0,1,1,1,1
5,"colon cancer",1,"mpnet-base",1,1,1,0,0,1,1,1,1
6,"cancer of rectum and anus",1,"ClinicalBERT-base",1,3,2,0,1,1,0.667,0.8,0.667
6,"cancer of rectum and anus",1,"ClinicalBERT-base-nocode",1,3,3,0,0,1,1,1,1
6,"cancer of rectum and anus",1,"ClinicalBERT-original",1,3,2,0,1,1,0.667,0.8,0.667
6,"cancer of rectum and anus",1,"ClinicalBERT-stopwords",1,3,3,1,0,0.75,1,0.857,0.75
6,"cancer of rectum and anus",1,"ClinicalBERT-stopwords-nocode",1,3,2,1,1,0.667,0.667,0.667,0.5
6,"cancer of rectum and anus",1,"SapBERT-base",1,3,2,0,1,1,0.667,0.8,0.667
6,"cancer of rectum and anus",1,"mpnet-base",1,3,2,0,1,1,0.667,0.8,0.667
7,"cancer of liver and intrahepatic bile duct",1,"ClinicalBERT-base",1,1,1,0,0,1,1,1,1
7,"cancer of liver and intrahepatic bile duct",1,"ClinicalBERT-base-nocode",1,1,1,0,0,1,1,1,1
7,"cancer of liver and intrahepatic bile duct",1,"ClinicalBERT-original",1,1,1,0,0,1,1,1,1
7,"cancer of liver and intrahepatic bile duct",1,"ClinicalBERT-stopwords",1,1,1,0,0,1,1,1,1
7,"cancer of liver and intrahepatic bile duct",1,"ClinicalBERT-stopwords-nocode",1,1,1,0,0,1,1,1,1
7,"cancer of liver and intrahepatic bile duct",1,"SapBERT-base",1,1,1,0,0,1,1,1,1
7,"cancer of liver and intrahepatic bile duct",1,"mpnet-base",1,1,1,0,0,1,1,1,1
8,"pancreas cancer",1,"ClinicalBERT-base",1,1,1,1,0,0.5,1,0.667,0.5
8,"pancreas cancer",1,"ClinicalBERT-base-nocode",1,1,1,0,0,1,1,1,1
8,"pancreas cancer",1,"ClinicalBERT-original",1,1,1,1,0,0.5,1,0.667,0.5
8,"pancreas cancer",1,"ClinicalBERT-stopwords",1,1,1,0,0,1,1,1,1
8,"pancreas cancer",1,"ClinicalBERT-stopwords-nocode",1,1,1,0,0,1,1,1,1
8,"pancreas cancer",1,"SapBERT-base",1,1,1,0,0,1,1,1,1
8,"pancreas cancer",1,"mpnet-base",1,1,1,0,0,1,1,1,1
9,"lung and other respiratory cancer",4,"ClinicalBERT-base",4,7,5,2,2,0.714,0.714,0.714,0.556
9,"lung and other respiratory cancer",4,"ClinicalBERT-base-nocode",4,7,5,2,2,0.714,0.714,0.714,0.556
9,"lung and other respiratory cancer",4,"ClinicalBERT-original",4,7,5,2,2,0.714,0.714,0.714,0.556
9,"lung and other respiratory cancer",4,"ClinicalBERT-stopwords",4,7,5,3,2,0.625,0.714,0.667,0.5
9,"lung and other respiratory cancer",4,"ClinicalBERT-stopwords-nocode",4,7,5,2,2,0.714,0.714,0.714,0.556
9,"lung and other respiratory cancer",4,"SapBERT-base",4,7,4,3,3,0.571,0.571,0.571,0.4
9,"lung and other respiratory cancer",4,"mpnet-base",4,7,4,6,3,0.4,0.571,0.471,0.308
10,"other cancers",8,"ClinicalBERT-base",8,16,6,13,10,0.316,0.375,0.343,0.207
10,"other cancers",8,"ClinicalBERT-base-nocode",8,16,5,10,11,0.333,0.312,0.323,0.192
10,"other cancers",8,"ClinicalBERT-original",8,16,5,12,11,0.294,0.312,0.303,0.179
10,"other cancers",8,"ClinicalBERT-stopwords",8,16,6,11,10,0.353,0.375,0.364,0.222
10,"other cancers",8,"ClinicalBERT-stopwords-nocode",8,16,6,10,10,0.375,0.375,0.375,0.231
10,"other cancers",8,"SapBERT-base",8,16,8,9,8,0.471,0.5,0.485,0.32
10,"other cancers",8,"mpnet-base",8,16,7,12,9,0.368,0.438,0.4,0.25
11,"cancer of bone and connective tissue",2,"ClinicalBERT-base",2,4,2,2,2,0.5,0.5,0.5,0.333
11,"cancer of bone and connective tissue",2,"ClinicalBERT-base-nocode",2,4,2,0,2,1,0.5,0.667,0.5
11,"cancer of bone and connective tissue",2,"ClinicalBERT-original",2,4,2,1,2,0.667,0.5,0.571,0.4
11,"cancer of bone and connective tissue",2,"ClinicalBERT-stopwords",2,4,2,2,2,0.5,0.5,0.5,0.333
11,"cancer of bone and connective tissue",2,"ClinicalBERT-stopwords-nocode",2,4,2,1,2,0.667,0.5,0.571,0.4
11,"cancer of bone and connective tissue",2,"SapBERT-base",2,4,2,0,2,1,0.5,0.667,0.5
11,"cancer of bone and connective tissue",2,"mpnet-base",2,4,2,1,2,0.667,0.5,0.571,0.4
12,"skin melanoma",1,"ClinicalBERT-base",1,1,1,0,0,1,1,1,1
12,"skin melanoma",1,"ClinicalBERT-base-nocode",1,1,1,0,0,1,1,1,1
12,"skin melanoma",1,"ClinicalBERT-original",1,1,1,0,0,1,1,1,1
12,"skin melanoma",1,"ClinicalBERT-stopwords",1,1,1,0,0,1,1,1,1
12,"skin melanoma",1,"ClinicalBERT-stopwords-nocode",1,1,1,0,0,1,1,1,1
12,"skin melanoma",1,"SapBERT-base",1,1,1,0,0,1,1,1,1
12,"skin melanoma",1,"mpnet-base",1,1,1,0,0,1,1,1,1
13,"breast cancer",2,"ClinicalBERT-base",2,1,1,3,0,0.25,1,0.4,0.25
13,"breast cancer",2,"ClinicalBERT-base-nocode",2,1,1,2,0,0.333,1,0.5,0.333
13,"breast cancer",2,"ClinicalBERT-original",2,1,1,3,0,0.25,1,0.4,0.25
13,"breast cancer",2,"ClinicalBERT-stopwords",2,1,1,5,0,0.167,1,0.286,0.167
13,"breast cancer",2,"ClinicalBERT-stopwords-nocode",2,1,1,3,0,0.25,1,0.4,0.25
13,"breast cancer",2,"SapBERT-base",2,1,1,2,0,0.333,1,0.5,0.333
13,"breast cancer",2,"mpnet-base",2,1,1,4,0,0.2,1,0.333,0.2
14,"uterus cancer",2,"ClinicalBERT-base",2,2,2,2,0,0.5,1,0.667,0.5
14,"uterus cancer",2,"ClinicalBERT-base-nocode",2,2,2,2,0,0.5,1,0.667,0.5
14,"uterus cancer",2,"ClinicalBERT-original",2,2,2,2,0,0.5,1,0.667,0.5
14,"uterus cancer",2,"ClinicalBERT-stopwords",2,2,2,1,0,0.667,1,0.8,0.667
14,"uterus cancer",2,"ClinicalBERT-stopwords-nocode",2,2,2,1,0,0.667,1,0.8,0.667
14,"uterus cancer",2,"SapBERT-base",2,2,2,2,0,0.5,1,0.667,0.5
14,"uterus cancer",2,"mpnet-base",2,2,2,2,0,0.5,1,0.667,0.5
15,"cervix cancer",1,"ClinicalBERT-base",1,1,1,0,0,1,1,1,1
15,"cervix cancer",1,"ClinicalBERT-base-nocode",1,1,1,0,0,1,1,1,1
15,"cervix cancer",1,"ClinicalBERT-original",1,1,1,0,0,1,1,1,1
15,"cervix cancer",1,"ClinicalBERT-stopwords",1,1,1,0,0,1,1,1,1
15,"cervix cancer",1,"ClinicalBERT-stopwords-nocode",1,1,1,0,0,1,1,1,1
15,"cervix cancer",1,"SapBERT-base",1,1,1,0,0,1,1,1,1
15,"cervix cancer",1,"mpnet-base",1,1,1,0,0,1,1,1,1
16,"cancer of other female genital organs",3,"ClinicalBERT-base",3,6,3,4,3,0.429,0.5,0.462,0.3
16,"cancer of other female genital organs",3,"ClinicalBERT-base-nocode",3,6,4,1,2,0.8,0.667,0.727,0.571
16,"cancer of other female genital organs",3,"ClinicalBERT-original",3,6,3,2,3,0.6,0.5,0.545,0.375
16,"cancer of other female genital organs",3,"ClinicalBERT-stopwords",3,6,3,2,3,0.6,0.5,0.545,0.375
16,"cancer of other female genital organs",3,"ClinicalBERT-stopwords-nocode",3,6,4,1,2,0.8,0.667,0.727,0.571
16,"cancer of other female genital organs",3,"SapBERT-base",3,6,4,0,2,1,0.667,0.8,0.667
16,"cancer of other female genital organs",3,"mpnet-base",3,6,3,2,3,0.6,0.5,0.545,0.375
17,"prostate cancer",1,"ClinicalBERT-base",1,1,1,0,0,1,1,1,1
17,"prostate cancer",1,"ClinicalBERT-base-nocode",1,1,1,0,0,1,1,1,1
17,"prostate cancer",1,"ClinicalBERT-original",1,1,1,0,0,1,1,1,1
17,"prostate cancer",1,"ClinicalBERT-stopwords",1,1,1,0,0,1,1,1,1
17,"prostate cancer",1,"ClinicalBERT-stopwords-nocode",1,1,1,0,0,1,1,1,1
17,"prostate cancer",1,"SapBERT-base",1,1,1,0,0,1,1,1,1
17,"prostate cancer",1,"mpnet-base",1,1,1,0,0,1,1,1,1
18,"testis cancer",1,"ClinicalBERT-base",1,1,1,1,0,0.5,1,0.667,0.5
18,"testis cancer",1,"ClinicalBERT-base-nocode",1,1,1,0,0,1,1,1,1
18,"testis cancer",1,"ClinicalBERT-original",1,1,1,1,0,0.5,1,0.667,0.5
18,"testis cancer",1,"ClinicalBERT-stopwords",1,1,1,0,0,1,1,1,1
18,"testis cancer",1,"ClinicalBERT-stopwords-nocode",1,1,1,0,0,1,1,1,1
18,"testis cancer",1,"SapBERT-base",1,1,1,0,0,1,1,1,1
18,"testis cancer",1,"mpnet-base",1,1,1,0,0,1,1,1,1
19,"cancer of other male genital organs",1,"ClinicalBERT-base",1,2,2,1,0,0.667,1,0.8,0.667
19,"cancer of other male genital organs",1,"ClinicalBERT-base-nocode",1,2,2,0,0,1,1,1,1
19,"cancer of other male genital organs",1,"ClinicalBERT-original",1,2,2,0,0,1,1,1,1
19,"cancer of other male genital organs",1,"ClinicalBERT-stopwords",1,2,1,1,1,0.5,0.5,0.5,0.333
19,"cancer of other male genital organs",1,"ClinicalBERT-stopwords-nocode",1,2,1,1,1,0.5,0.5,0.5,0.333
19,"cancer of other male genital organs",1,"SapBERT-base",1,2,2,0,0,1,1,1,1
19,"cancer of other male genital organs",1,"mpnet-base",1,2,1,0,1,1,0.5,0.667,0.5
20,"bladder cancer",1,"ClinicalBERT-base",1,1,1,1,0,0.5,1,0.667,0.5
20,"bladder cancer",1,"ClinicalBERT-base-nocode",1,1,1,0,0,1,1,1,1
20,"bladder cancer",1,"ClinicalBERT-original",1,1,1,1,0,0.5,1,0.667,0.5
20,"bladder cancer",1,"ClinicalBERT-stopwords",1,1,1,1,0,0.5,1,0.667,0.5
20,"bladder cancer",1,"ClinicalBERT-stopwords-nocode",1,1,1,0,0,1,1,1,1
20,"bladder cancer",1,"SapBERT-base",1,1,1,0,0,1,1,1,1
20,"bladder cancer",1,"mpnet-base",1,1,1,0,0,1,1,1,1
21,"cancer of kidney and other urinary organs",1,"ClinicalBERT-base",1,4,2,0,2,1,0.5,0.667,0.5
21,"cancer of kidney and other urinary organs",1,"ClinicalBERT-base-nocode",1,4,2,0,2,1,0.5,0.667,0.5
21,"cancer of kidney and other urinary organs",1,"ClinicalBERT-original",1,4,2,0,2,1,0.5,0.667,0.5
21,"cancer of kidney and other urinary organs",1,"ClinicalBERT-stopwords",1,4,2,0,2,1,0.5,0.667,0.5
21,"cancer of kidney and other urinary organs",1,"ClinicalBERT-stopwords-nocode",1,4,2,0,2,1,0.5,0.667,0.5
21,"cancer of kidney and other urinary organs",1,"SapBERT-base",1,4,1,0,3,1,0.25,0.4,0.25
21,"cancer of kidney and other urinary organs",1,"mpnet-base",1,4,2,0,2,1,0.5,0.667,0.5
22,"cancer of brain and nervous system",2,"ClinicalBERT-base",2,3,2,4,1,0.333,0.667,0.444,0.286
22,"cancer of brain and nervous system",2,"ClinicalBERT-base-nocode",2,3,2,2,1,0.5,0.667,0.571,0.4
22,"cancer of brain and nervous system",2,"ClinicalBERT-original",2,3,1,2,2,0.333,0.333,0.333,0.2
22,"cancer of brain and nervous system",2,"ClinicalBERT-stopwords",2,3,1,2,2,0.333,0.333,0.333,0.2
22,"cancer of brain and nervous system",2,"ClinicalBERT-stopwords-nocode",2,3,1,2,2,0.333,0.333,0.333,0.2
22,"cancer of brain and nervous system",2,"SapBERT-base",2,3,2,1,1,0.667,0.667,0.667,0.5
22,"cancer of brain and nervous system",2,"mpnet-base",2,3,2,2,1,0.5,0.667,0.571,0.4
23,"thyroid cancer",1,"ClinicalBERT-base",1,1,1,1,0,0.5,1,0.667,0.5
23,"thyroid cancer",1,"ClinicalBERT-base-nocode",1,1,1,0,0,1,1,1,1
23,"thyroid cancer",1,"ClinicalBERT-original",1,1,1,1,0,0.5,1,0.667,0.5
23,"thyroid cancer",1,"ClinicalBERT-stopwords",1,1,1,1,0,0.5,1,0.667,0.5
23,"thyroid cancer",1,"ClinicalBERT-stopwords-nocode",1,1,1,0,0,1,1,1,1
23,"thyroid cancer",1,"SapBERT-base",1,1,1,0,0,1,1,1,1
23,"thyroid cancer",1,"mpnet-base",1,1,1,0,0,1,1,1,1
24,"secondary malignancy",3,"ClinicalBERT-base",3,3,3,4,0,0.429,1,0.6,0.429
24,"secondary malignancy",3,"ClinicalBERT-base-nocode",3,3,3,1,0,0.75,1,0.857,0.75
24,"secondary malignancy",3,"ClinicalBERT-original",3,3,2,4,1,0.333,0.667,0.444,0.286
24,"secondary malignancy",3,"ClinicalBERT-stopwords",3,3,3,2,0,0.6,1,0.75,0.6
24,"secondary malignancy",3,"ClinicalBERT-stopwords-nocode",3,3,3,2,0,0.6,1,0.75,0.6
24,"secondary malignancy",3,"SapBERT-base",3,3,3,1,0,0.75,1,0.857,0.75
24,"secondary malignancy",3,"mpnet-base",3,3,3,1,0,0.75,1,0.857,0.75
25,"malignant neoplasm without specification of site",1,"ClinicalBERT-base",1,4,1,1,3,0.5,0.25,0.333,0.2
25,"malignant neoplasm without specification of site",1,"ClinicalBERT-base-nocode",1,4,1,1,3,0.5,0.25,0.333,0.2
25,"malignant neoplasm without specification of site",1,"ClinicalBERT-original",1,4,1,1,3,0.5,0.25,0.333,0.2
25,"malignant neoplasm without specification of site",1,"ClinicalBERT-stopwords",1,4,1,1,3,0.5,0.25,0.333,0.2
25,"malignant neoplasm without specification of site",1,"ClinicalBERT-stopwords-nocode",1,4,1,1,3,0.5,0.25,0.333,0.2
25,"malignant neoplasm without specification of site",1,"SapBERT-base",1,4,0,2,4,0,0,0,0
25,"malignant neoplasm without specification of site",1,"mpnet-base",1,4,1,1,3,0.5,0.25,0.333,0.2
26,"nonhodgkins lymphoma",2,"ClinicalBERT-base",2,9,2,2,7,0.5,0.222,0.308,0.182
26,"nonhodgkins lymphoma",2,"ClinicalBERT-base-nocode",2,9,2,2,7,0.5,0.222,0.308,0.182
26,"nonhodgkins lymphoma",2,"ClinicalBERT-original",2,9,3,1,6,0.75,0.333,0.462,0.3
26,"nonhodgkins lymphoma",2,"ClinicalBERT-stopwords",2,9,2,2,7,0.5,0.222,0.308,0.182
26,"nonhodgkins lymphoma",2,"ClinicalBERT-stopwords-nocode",2,9,2,2,7,0.5,0.222,0.308,0.182
26,"nonhodgkins lymphoma",2,"SapBERT-base",2,9,4,0,5,1,0.444,0.615,0.444
26,"nonhodgkins lymphoma",2,"mpnet-base",2,9,4,0,5,1,0.444,0.615,0.444
27,"hodgkins disease",1,"ClinicalBERT-base",1,1,1,0,0,1,1,1,1
27,"hodgkins disease",1,"ClinicalBERT-base-nocode",1,1,1,0,0,1,1,1,1
27,"hodgkins disease",1,"ClinicalBERT-original",1,1,1,0,0,1,1,1,1
27,"hodgkins disease",1,"ClinicalBERT-stopwords",1,1,1,0,0,1,1,1,1
27,"hodgkins disease",1,"ClinicalBERT-stopwords-nocode",1,1,1,0,0,1,1,1,1
27,"hodgkins disease",1,"SapBERT-base",1,1,1,0,0,1,1,1,1
27,"hodgkins disease",1,"mpnet-base",1,1,1,0,0,1,1,1,1
28,"multiple myeloma and leukemias",6,"ClinicalBERT-base",6,7,5,6,2,0.455,0.714,0.556,0.385
28,"multiple myeloma and leukemias",6,"ClinicalBERT-base-nocode",6,7,5,3,2,0.625,0.714,0.667,0.5
28,"multiple myeloma and leukemias",6,"ClinicalBERT-original",6,7,5,4,2,0.556,0.714,0.625,0.455
28,"multiple myeloma and leukemias",6,"ClinicalBERT-stopwords",6,7,5,6,2,0.455,0.714,0.556,0.385
28,"multiple myeloma and leukemias",6,"ClinicalBERT-stopwords-nocode",6,7,5,6,2,0.455,0.714,0.556,0.385
28,"multiple myeloma and leukemias",6,"SapBERT-base",6,7,6,4,1,0.6,0.857,0.706,0.545
28,"multiple myeloma and leukemias",6,"mpnet-base",6,7,6,3,1,0.667,0.857,0.75,0.6
29,"other and unspecified benign neoplasm",1,"ClinicalBERT-base",1,2,2,1,0,0.667,1,0.8,0.667
29,"other and unspecified benign neoplasm",1,"ClinicalBERT-base-nocode",1,2,2,0,0,1,1,1,1
29,"other and unspecified benign neoplasm",1,"ClinicalBERT-original",1,2,2,0,0,1,1,1,1
29,"other and unspecified benign neoplasm",1,"ClinicalBERT-stopwords",1,2,2,0,0,1,1,1,1
29,"other and unspecified benign neoplasm",1,"ClinicalBERT-stopwords-nocode",1,2,2,0,0,1,1,1,1
29,"other and unspecified benign neoplasm",1,"SapBERT-base",1,2,2,0,0,1,1,1,1
29,"other and unspecified benign neoplasm",1,"mpnet-base",1,2,2,0,0,1,1,1,1
30,"neoplasms of unspecified nature",3,"ClinicalBERT-base",3,8,3,3,5,0.5,0.375,0.429,0.273
30,"neoplasms of unspecified nature",3,"ClinicalBERT-base-nocode",3,8,3,3,5,0.5,0.375,0.429,0.273
30,"neoplasms of unspecified nature",3,"ClinicalBERT-original",3,8,2,4,6,0.333,0.25,0.286,0.167
30,"neoplasms of unspecified nature",3,"ClinicalBERT-stopwords",3,8,3,3,5,0.5,0.375,0.429,0.273
30,"neoplasms of unspecified nature",3,"ClinicalBERT-stopwords-nocode",3,8,3,4,5,0.429,0.375,0.4,0.25
30,"neoplasms of unspecified nature",3,"SapBERT-base",3,8,3,4,5,0.429,0.375,0.4,0.25
30,"neoplasms of unspecified nature",3,"mpnet-base",3,8,3,5,5,0.375,0.375,0.375,0.231
31,"thyroid disorders",7,"ClinicalBERT-base",7,15,4,8,11,0.333,0.267,0.296,0.174
31,"thyroid disorders",7,"ClinicalBERT-base-nocode",7,15,7,4,8,0.636,0.467,0.538,0.368
31,"thyroid disorders",7,"ClinicalBERT-original",7,15,5,7,10,0.417,0.333,0.37,0.227
31,"thyroid disorders",7,"ClinicalBERT-stopwords",7,15,4,8,11,0.333,0.267,0.296,0.174
31,"thyroid disorders",7,"ClinicalBERT-stopwords-nocode",7,15,7,4,8,0.636,0.467,0.538,0.368
31,"thyroid disorders",7,"SapBERT-base",7,15,7,4,8,0.636,0.467,0.538,0.368
31,"thyroid disorders",7,"mpnet-base",7,15,7,5,8,0.583,0.467,0.519,0.35
32,"diabetes mellitus",2,"ClinicalBERT-base",2,4,2,2,2,0.5,0.5,0.5,0.333
32,"diabetes mellitus",2,"ClinicalBERT-base-nocode",2,4,1,2,3,0.333,0.25,0.286,0.167
32,"diabetes mellitus",2,"ClinicalBERT-original",2,4,2,1,2,0.667,0.5,0.571,0.4
32,"diabetes mellitus",2,"ClinicalBERT-stopwords",2,4,2,2,2,0.5,0.5,0.5,0.333
32,"diabetes mellitus",2,"ClinicalBERT-stopwords-nocode",2,4,1,2,3,0.333,0.25,0.286,0.167
32,"diabetes mellitus",2,"SapBERT-base",2,4,3,2,1,0.6,0.75,0.667,0.5
32,"diabetes mellitus",2,"mpnet-base",2,4,3,2,1,0.6,0.75,0.667,0.5
33,"other endocrine disorders",9,"ClinicalBERT-base",9,26,6,6,20,0.5,0.231,0.316,0.188
33,"other endocrine disorders",9,"ClinicalBERT-base-nocode",9,26,8,6,18,0.571,0.308,0.4,0.25
33,"other endocrine disorders",9,"ClinicalBERT-original",9,26,4,6,22,0.4,0.154,0.222,0.125
33,"other endocrine disorders",9,"ClinicalBERT-stopwords",9,26,4,7,22,0.364,0.154,0.216,0.121
33,"other endocrine disorders",9,"ClinicalBERT-stopwords-nocode",9,26,7,9,19,0.438,0.269,0.333,0.2
33,"other endocrine disorders",9,"SapBERT-base",9,26,9,5,17,0.643,0.346,0.45,0.29
33,"other endocrine disorders",9,"mpnet-base",9,26,9,6,17,0.6,0.346,0.439,0.281
34,"nutritional deficiencies",5,"ClinicalBERT-base",5,11,3,4,8,0.429,0.273,0.333,0.2
34,"nutritional deficiencies",5,"ClinicalBERT-base-nocode",5,11,5,3,6,0.625,0.455,0.526,0.357
34,"nutritional deficiencies",5,"ClinicalBERT-original",5,11,3,4,8,0.429,0.273,0.333,0.2
34,"nutritional deficiencies",5,"ClinicalBERT-stopwords",5,11,3,5,8,0.375,0.273,0.316,0.188
34,"nutritional deficiencies",5,"ClinicalBERT-stopwords-nocode",5,11,4,4,7,0.5,0.364,0.421,0.267
34,"nutritional deficiencies",5,"SapBERT-base",5,11,5,4,6,0.556,0.455,0.5,0.333
34,"nutritional deficiencies",5,"mpnet-base",5,11,5,4,6,0.556,0.455,0.5,0.333
35,"other nutritional endocrine immunity and metabolic disorders",7,"ClinicalBERT-base",7,34,6,10,28,0.375,0.176,0.24,0.136
35,"other nutritional endocrine immunity and metabolic disorders",7,"ClinicalBERT-base-nocode",7,34,4,9,30,0.308,0.118,0.17,0.093
35,"other nutritional endocrine immunity and metabolic disorders",7,"ClinicalBERT-original",7,34,4,7,30,0.364,0.118,0.178,0.098
35,"other nutritional endocrine immunity and metabolic disorders",7,"ClinicalBERT-stopwords",7,34,5,6,29,0.455,0.147,0.222,0.125
35,"other nutritional endocrine immunity and metabolic disorders",7,"ClinicalBERT-stopwords-nocode",7,34,6,7,28,0.462,0.176,0.255,0.146
35,"other nutritional endocrine immunity and metabolic disorders",7,"SapBERT-base",7,34,8,5,26,0.615,0.235,0.34,0.205
35,"other nutritional endocrine immunity and metabolic disorders",7,"mpnet-base",7,34,6,8,28,0.429,0.176,0.25,0.143
36,"disorders of lipid metabolism",1,"ClinicalBERT-base",1,5,1,1,4,0.5,0.2,0.286,0.167
36,"disorders of lipid metabolism",1,"ClinicalBERT-base-nocode",1,5,0,2,5,0,0,0,0
36,"disorders of lipid metabolism",1,"ClinicalBERT-original",1,5,1,1,4,0.5,0.2,0.286,0.167
36,"disorders of lipid metabolism",1,"ClinicalBERT-stopwords",1,5,0,2,5,0,0,0,0
36,"disorders of lipid metabolism",1,"ClinicalBERT-stopwords-nocode",1,5,1,1,4,0.5,0.2,0.286,0.167
36,"disorders of lipid metabolism",1,"SapBERT-base",1,5,1,1,4,0.5,0.2,0.286,0.167
36,"disorders of lipid metabolism",1,"mpnet-base",1,5,1,1,4,0.5,0.2,0.286,0.167
37,"gout and other crystal arthropathies",2,"ClinicalBERT-base",2,2,1,1,1,0.5,0.5,0.5,0.333
37,"gout and other crystal arthropathies",2,"ClinicalBERT-base-nocode",2,2,1,2,1,0.333,0.5,0.4,0.25
37,"gout and other crystal arthropathies",2,"ClinicalBERT-original",2,2,1,1,1,0.5,0.5,0.5,0.333
37,"gout and other crystal arthropathies",2,"ClinicalBERT-stopwords",2,2,1,1,1,0.5,0.5,0.5,0.333
37,"gout and other crystal arthropathies",2,"ClinicalBERT-stopwords-nocode",2,2,1,1,1,0.5,0.5,0.5,0.333
37,"gout and other crystal arthropathies",2,"SapBERT-base",2,2,1,1,1,0.5,0.5,0.5,0.333
37,"gout and other crystal arthropathies",2,"mpnet-base",2,2,1,1,1,0.5,0.5,0.5,0.333
38,"anemia",5,"ClinicalBERT-base",5,13,6,5,7,0.545,0.462,0.5,0.333
38,"anemia",5,"ClinicalBERT-base-nocode",5,13,6,1,7,0.857,0.462,0.6,0.429
38,"anemia",5,"ClinicalBERT-original",5,13,6,4,7,0.6,0.462,0.522,0.353
38,"anemia",5,"ClinicalBERT-stopwords",5,13,6,4,7,0.6,0.462,0.522,0.353
38,"anemia",5,"ClinicalBERT-stopwords-nocode",5,13,6,1,7,0.857,0.462,0.6,0.429
38,"anemia",5,"SapBERT-base",5,13,6,1,7,0.857,0.462,0.6,0.429
38,"anemia",5,"mpnet-base",5,13,6,2,7,0.75,0.462,0.571,0.4
39,"other hematologic conditions",4,"ClinicalBERT-base",4,16,5,0,11,1,0.312,0.476,0.312
39,"other hematologic conditions",4,"ClinicalBERT-base-nocode",4,16,5,0,11,1,0.312,0.476,0.312
39,"other hematologic conditions",4,"ClinicalBERT-original",4,16,5,0,11,1,0.312,0.476,0.312
39,"other hematologic conditions",4,"ClinicalBERT-stopwords",4,16,6,0,10,1,0.375,0.545,0.375
39,"other hematologic conditions",4,"ClinicalBERT-stopwords-nocode",4,16,6,0,10,1,0.375,0.545,0.375
39,"other hematologic conditions",4,"SapBERT-base",4,16,6,0,10,1,0.375,0.545,0.375
39,"other hematologic conditions",4,"mpnet-base",4,16,6,0,10,1,0.375,0.545,0.375
40,"delirium dementia and other cognitive disorders",3,"ClinicalBERT-base",3,14,3,1,11,0.75,0.214,0.333,0.2
40,"delirium dementia and other cognitive disorders",3,"ClinicalBERT-base-nocode",3,14,3,2,11,0.6,0.214,0.316,0.188
40,"delirium dementia and other cognitive disorders",3,"ClinicalBERT-original",3,14,2,1,12,0.667,0.143,0.235,0.133
40,"delirium dementia and other cognitive disorders",3,"ClinicalBERT-stopwords",3,14,3,1,11,0.75,0.214,0.333,0.2
40,"delirium dementia and other cognitive disorders",3,"ClinicalBERT-stopwords-nocode",3,14,3,3,11,0.5,0.214,0.3,0.176
40,"delirium dementia and other cognitive disorders",3,"SapBERT-base",3,14,3,2,11,0.6,0.214,0.316,0.188
40,"delirium dementia and other cognitive disorders",3,"mpnet-base",3,14,5,1,9,0.833,0.357,0.5,0.333
41,"alcohol and substancerelated disorders",5,"ClinicalBERT-base",5,31,6,2,25,0.75,0.194,0.308,0.182
41,"alcohol and substancerelated disorders",5,"ClinicalBERT-base-nocode",5,31,6,3,25,0.667,0.194,0.3,0.176
41,"alcohol and substancerelated disorders",5,"ClinicalBERT-original",5,31,6,1,25,0.857,0.194,0.316,0.188
41,"alcohol and substancerelated disorders",5,"ClinicalBERT-stopwords",5,31,6,5,25,0.545,0.194,0.286,0.167
41,"alcohol and substancerelated disorders",5,"ClinicalBERT-stopwords-nocode",5,31,6,5,25,0.545,0.194,0.286,0.167
41,"alcohol and substancerelated disorders",5,"SapBERT-base",5,31,6,3,25,0.667,0.194,0.3,0.176
41,"alcohol and substancerelated disorders",5,"mpnet-base",5,31,7,1,24,0.875,0.226,0.359,0.219
42,"schizophrenia and other psychotic disorders",3,"ClinicalBERT-base",3,11,3,3,8,0.5,0.273,0.353,0.214
42,"schizophrenia and other psychotic disorders",3,"ClinicalBERT-base-nocode",3,11,5,1,6,0.833,0.455,0.588,0.417
42,"schizophrenia and other psychotic disorders",3,"ClinicalBERT-original",3,11,3,1,8,0.75,0.273,0.4,0.25
42,"schizophrenia and other psychotic disorders",3,"ClinicalBERT-stopwords",3,11,4,2,7,0.667,0.364,0.471,0.308
42,"schizophrenia and other psychotic disorders",3,"ClinicalBERT-stopwords-nocode",3,11,5,1,6,0.833,0.455,0.588,0.417
42,"schizophrenia and other psychotic disorders",3,"SapBERT-base",3,11,5,0,6,1,0.455,0.625,0.455
42,"schizophrenia and other psychotic disorders",3,"mpnet-base",3,11,5,0,6,1,0.455,0.625,0.455
43,"mood and anxiety disorders",4,"ClinicalBERT-base",4,20,4,1,16,0.8,0.2,0.32,0.19
43,"mood and anxiety disorders",4,"ClinicalBERT-base-nocode",4,20,4,2,16,0.667,0.2,0.308,0.182
43,"mood and anxiety disorders",4,"ClinicalBERT-original",4,20,4,1,16,0.8,0.2,0.32,0.19
43,"mood and anxiety disorders",4,"ClinicalBERT-stopwords",4,20,4,2,16,0.667,0.2,0.308,0.182
43,"mood and anxiety disorders",4,"ClinicalBERT-stopwords-nocode",4,20,5,4,15,0.556,0.25,0.345,0.208
43,"mood and anxiety disorders",4,"SapBERT-base",4,20,6,0,14,1,0.3,0.462,0.3
43,"mood and anxiety disorders",4,"mpnet-base",4,20,6,2,14,0.75,0.3,0.429,0.273
44,"disorders usually diagnosed in infancy childhood or adolescence",1,"ClinicalBERT-base",1,1,1,0,0,1,1,1,1
44,"disorders usually diagnosed in infancy childhood or adolescence",1,"ClinicalBERT-base-nocode",1,1,1,0,0,1,1,1,1
44,"disorders usually diagnosed in infancy childhood or adolescence",1,"ClinicalBERT-original",1,1,1,0,0,1,1,1,1
44,"disorders usually diagnosed in infancy childhood or adolescence",1,"ClinicalBERT-stopwords",1,1,1,0,0,1,1,1,1
44,"disorders usually diagnosed in infancy childhood or adolescence",1,"ClinicalBERT-stopwords-nocode",1,1,1,0,0,1,1,1,1
44,"disorders usually diagnosed in infancy childhood or adolescence",1,"SapBERT-base",1,1,1,0,0,1,1,1,1
44,"disorders usually diagnosed in infancy childhood or adolescence",1,"mpnet-base",1,1,1,0,0,1,1,1,1
45,"personality disorders",1,"ClinicalBERT-base",1,6,1,0,5,1,0.167,0.286,0.167
45,"personality disorders",1,"ClinicalBERT-base-nocode",1,6,1,1,5,0.5,0.167,0.25,0.143
45,"personality disorders",1,"ClinicalBERT-original",1,6,1,0,5,1,0.167,0.286,0.167
45,"personality disorders",1,"ClinicalBERT-stopwords",1,6,2,0,4,1,0.333,0.5,0.333
45,"personality disorders",1,"ClinicalBERT-stopwords-nocode",1,6,1,2,5,0.333,0.167,0.222,0.125
45,"personality disorders",1,"SapBERT-base",1,6,1,1,5,0.5,0.167,0.25,0.143
45,"personality disorders",1,"mpnet-base",1,6,3,0,3,1,0.5,0.667,0.5
46,"miscellaneous mental health disorders",4,"ClinicalBERT-base",4,12,4,1,8,0.8,0.333,0.471,0.308
46,"miscellaneous mental health disorders",4,"ClinicalBERT-base-nocode",4,12,5,0,7,1,0.417,0.588,0.417
46,"miscellaneous mental health disorders",4,"ClinicalBERT-original",4,12,4,1,8,0.8,0.333,0.471,0.308
46,"miscellaneous mental health disorders",4,"ClinicalBERT-stopwords",4,12,3,1,9,0.75,0.25,0.375,0.231
46,"miscellaneous mental health disorders",4,"ClinicalBERT-stopwords-nocode",4,12,4,2,8,0.667,0.333,0.444,0.286
46,"miscellaneous mental health disorders",4,"SapBERT-base",4,12,4,2,8,0.667,0.333,0.444,0.286
46,"miscellaneous mental health disorders",4,"mpnet-base",4,12,5,2,7,0.714,0.417,0.526,0.357
47,"adjustment disorders",1,"ClinicalBERT-base",1,2,1,0,1,1,0.5,0.667,0.5
47,"adjustment disorders",1,"ClinicalBERT-base-nocode",1,2,1,0,1,1,0.5,0.667,0.5
47,"adjustment disorders",1,"ClinicalBERT-original",1,2,1,0,1,1,0.5,0.667,0.5
47,"adjustment disorders",1,"ClinicalBERT-stopwords",1,2,1,0,1,1,0.5,0.667,0.5
47,"adjustment disorders",1,"ClinicalBERT-stopwords-nocode",1,2,1,0,1,1,0.5,0.667,0.5
47,"adjustment disorders",1,"SapBERT-base",1,2,1,0,1,1,0.5,0.667,0.5
47,"adjustment disorders",1,"mpnet-base",1,2,1,0,1,1,0.5,0.667,0.5
48,"attentiondeficit conduct and disruptive behavior disorders",2,"ClinicalBERT-base",2,4,2,0,2,1,0.5,0.667,0.5
48,"attentiondeficit conduct and disruptive behavior disorders",2,"ClinicalBERT-base-nocode",2,4,2,0,2,1,0.5,0.667,0.5
48,"attentiondeficit conduct and disruptive behavior disorders",2,"ClinicalBERT-original",2,4,2,0,2,1,0.5,0.667,0.5
48,"attentiondeficit conduct and disruptive behavior disorders",2,"ClinicalBERT-stopwords",2,4,2,0,2,1,0.5,0.667,0.5
48,"attentiondeficit conduct and disruptive behavior disorders",2,"ClinicalBERT-stopwords-nocode",2,4,2,0,2,1,0.5,0.667,0.5
48,"attentiondeficit conduct and disruptive behavior disorders",2,"SapBERT-base",2,4,2,0,2,1,0.5,0.667,0.5
48,"attentiondeficit conduct and disruptive behavior disorders",2,"mpnet-base",2,4,2,0,2,1,0.5,0.667,0.5
49,"developmental disorders",4,"ClinicalBERT-base",4,12,3,2,9,0.6,0.25,0.353,0.214
49,"developmental disorders",4,"ClinicalBERT-base-nocode",4,12,4,4,8,0.5,0.333,0.4,0.25
49,"developmental disorders",4,"ClinicalBERT-original",4,12,3,2,9,0.6,0.25,0.353,0.214
49,"developmental disorders",4,"ClinicalBERT-stopwords",4,12,3,2,9,0.6,0.25,0.353,0.214
49,"developmental disorders",4,"ClinicalBERT-stopwords-nocode",4,12,3,4,9,0.429,0.25,0.316,0.188
49,"developmental disorders",4,"SapBERT-base",4,12,6,4,6,0.6,0.5,0.545,0.375
49,"developmental disorders",4,"mpnet-base",4,12,4,4,8,0.5,0.333,0.4,0.25
50,"other nervous system conditions",18,"ClinicalBERT-base",18,42,17,11,25,0.607,0.405,0.486,0.321
50,"other nervous system conditions",18,"ClinicalBERT-base-nocode",18,42,16,8,26,0.667,0.381,0.485,0.32
50,"other nervous system conditions",18,"ClinicalBERT-original",18,42,15,8,27,0.652,0.357,0.462,0.3
50,"other nervous system conditions",18,"ClinicalBERT-stopwords",18,42,15,9,27,0.625,0.357,0.455,0.294
50,"other nervous system conditions",18,"ClinicalBERT-stopwords-nocode",18,42,17,9,25,0.654,0.405,0.5,0.333
50,"other nervous system conditions",18,"SapBERT-base",18,42,20,8,22,0.714,0.476,0.571,0.4
50,"other nervous system conditions",18,"mpnet-base",18,42,20,8,22,0.714,0.476,0.571,0.4
51,"parkinsons disease",1,"ClinicalBERT-base",1,3,1,0,2,1,0.333,0.5,0.333
51,"parkinsons disease",1,"ClinicalBERT-base-nocode",1,3,1,0,2,1,0.333,0.5,0.333
51,"parkinsons disease",1,"ClinicalBERT-original",1,3,1,0,2,1,0.333,0.5,0.333
51,"parkinsons disease",1,"ClinicalBERT-stopwords",1,3,1,0,2,1,0.333,0.5,0.333
51,"parkinsons disease",1,"ClinicalBERT-stopwords-nocode",1,3,1,0,2,1,0.333,0.5,0.333
51,"parkinsons disease",1,"SapBERT-base",1,3,1,0,2,1,0.333,0.5,0.333
51,"parkinsons disease",1,"mpnet-base",1,3,2,0,1,1,0.667,0.8,0.667
52,"headache including migraine",2,"ClinicalBERT-base",2,2,1,2,1,0.333,0.5,0.4,0.25
52,"headache including migraine",2,"ClinicalBERT-base-nocode",2,2,1,2,1,0.333,0.5,0.4,0.25
52,"headache including migraine",2,"ClinicalBERT-original",2,2,1,1,1,0.5,0.5,0.5,0.333
52,"headache including migraine",2,"ClinicalBERT-stopwords",2,2,1,2,1,0.333,0.5,0.4,0.25
52,"headache including migraine",2,"ClinicalBERT-stopwords-nocode",2,2,1,2,1,0.333,0.5,0.4,0.25
52,"headache including migraine",2,"SapBERT-base",2,2,1,2,1,0.333,0.5,0.4,0.25
52,"headache including migraine",2,"mpnet-base",2,2,1,2,1,0.333,0.5,0.4,0.25
53,"multiple sclerosis",1,"ClinicalBERT-base",1,1,1,0,0,1,1,1,1
53,"multiple sclerosis",1,"ClinicalBERT-base-nocode",1,1,1,0,0,1,1,1,1
53,"multiple sclerosis",1,"ClinicalBERT-original",1,1,1,0,0,1,1,1,1
53,"multiple sclerosis",1,"ClinicalBERT-stopwords",1,1,1,0,0,1,1,1,1
53,"multiple sclerosis",1,"ClinicalBERT-stopwords-nocode",1,1,1,0,0,1,1,1,1
53,"multiple sclerosis",1,"SapBERT-base",1,1,1,0,0,1,1,1,1
53,"multiple sclerosis",1,"mpnet-base",1,1,1,0,0,1,1,1,1
54,"paralysis",3,"ClinicalBERT-base",3,6,4,1,2,0.8,0.667,0.727,0.571
54,"paralysis",3,"ClinicalBERT-base-nocode",3,6,4,0,2,1,0.667,0.8,0.667
54,"paralysis",3,"ClinicalBERT-original",3,6,4,1,2,0.8,0.667,0.727,0.571
54,"paralysis",3,"ClinicalBERT-stopwords",3,6,4,0,2,1,0.667,0.8,0.667
54,"paralysis",3,"ClinicalBERT-stopwords-nocode",3,6,4,0,2,1,0.667,0.8,0.667
54,"paralysis",3,"SapBERT-base",3,6,4,0,2,1,0.667,0.8,0.667
54,"paralysis",3,"mpnet-base",3,6,4,0,2,1,0.667,0.8,0.667
55,"epilepsyconvulsions",1,"ClinicalBERT-base",1,2,1,1,1,0.5,0.5,0.5,0.333
55,"epilepsyconvulsions",1,"ClinicalBERT-base-nocode",1,2,1,1,1,0.5,0.5,0.5,0.333
55,"epilepsyconvulsions",1,"ClinicalBERT-original",1,2,1,1,1,0.5,0.5,0.5,0.333
55,"epilepsyconvulsions",1,"ClinicalBERT-stopwords",1,2,1,1,1,0.5,0.5,0.5,0.333
55,"epilepsyconvulsions",1,"ClinicalBERT-stopwords-nocode",1,2,1,0,1,1,0.5,0.667,0.5
55,"epilepsyconvulsions",1,"SapBERT-base",1,2,1,0,1,1,0.5,0.667,0.5
55,"epilepsyconvulsions",1,"mpnet-base",1,2,2,0,0,1,1,1,1
56,"other eye disorders",9,"ClinicalBERT-base",9,30,9,3,21,0.75,0.3,0.429,0.273
56,"other eye disorders",9,"ClinicalBERT-base-nocode",9,30,14,2,16,0.875,0.467,0.609,0.438
56,"other eye disorders",9,"ClinicalBERT-original",9,30,9,3,21,0.75,0.3,0.429,0.273
56,"other eye disorders",9,"ClinicalBERT-stopwords",9,30,11,3,19,0.786,0.367,0.5,0.333
56,"other eye disorders",9,"ClinicalBERT-stopwords-nocode",9,30,13,1,17,0.929,0.433,0.591,0.419
56,"other eye disorders",9,"SapBERT-base",9,30,15,2,15,0.882,0.5,0.638,0.469
56,"other eye disorders",9,"mpnet-base",9,30,15,2,15,0.882,0.5,0.638,0.469
57,"retinal detachments defects vascular occlusion and retinopathy",2,"ClinicalBERT-base",2,6,1,1,5,0.5,0.167,0.25,0.143
57,"retinal detachments defects vascular occlusion and retinopathy",2,"ClinicalBERT-base-nocode",2,6,2,1,4,0.667,0.333,0.444,0.286
57,"retinal detachments defects vascular occlusion and retinopathy",2,"ClinicalBERT-original",2,6,1,1,5,0.5,0.167,0.25,0.143
57,"retinal detachments defects vascular occlusion and retinopathy",2,"ClinicalBERT-stopwords",2,6,1,1,5,0.5,0.167,0.25,0.143
57,"retinal detachments defects vascular occlusion and retinopathy",2,"ClinicalBERT-stopwords-nocode",2,6,2,1,4,0.667,0.333,0.444,0.286
57,"retinal detachments defects vascular occlusion and retinopathy",2,"SapBERT-base",2,6,3,1,3,0.75,0.5,0.6,0.429
57,"retinal detachments defects vascular occlusion and retinopathy",2,"mpnet-base",2,6,3,1,3,0.75,0.5,0.6,0.429
58,"glaucoma",1,"ClinicalBERT-base",1,3,1,0,2,1,0.333,0.5,0.333
58,"glaucoma",1,"ClinicalBERT-base-nocode",1,3,1,0,2,1,0.333,0.5,0.333
58,"glaucoma",1,"ClinicalBERT-original",1,3,1,0,2,1,0.333,0.5,0.333
58,"glaucoma",1,"ClinicalBERT-stopwords",1,3,1,0,2,1,0.333,0.5,0.333
58,"glaucoma",1,"ClinicalBERT-stopwords-nocode",1,3,1,0,2,1,0.333,0.5,0.333
58,"glaucoma",1,"SapBERT-base",1,3,1,0,2,1,0.333,0.5,0.333
58,"glaucoma",1,"mpnet-base",1,3,1,0,2,1,0.333,0.5,0.333
59,"cataract",1,"ClinicalBERT-base",1,3,2,0,1,1,0.667,0.8,0.667
59,"cataract",1,"ClinicalBERT-base-nocode",1,3,1,0,2,1,0.333,0.5,0.333
59,"cataract",1,"ClinicalBERT-original",1,3,2,0,1,1,0.667,0.8,0.667
59,"cataract",1,"ClinicalBERT-stopwords",1,3,2,0,1,1,0.667,0.8,0.667
59,"cataract",1,"ClinicalBERT-stopwords-nocode",1,3,1,0,2,1,0.333,0.5,0.333
59,"cataract",1,"SapBERT-base",1,3,2,0,1,1,0.667,0.8,0.667
59,"cataract",1,"mpnet-base",1,3,2,0,1,1,0.667,0.8,0.667
60,"blindness and vision defects",1,"ClinicalBERT-base",1,1,0,2,1,0,0,0,0
60,"blindness and vision defects",1,"ClinicalBERT-base-nocode",1,1,0,2,1,0,0,0,0
60,"blindness and vision defects",1,"ClinicalBERT-original",1,1,0,1,1,0,0,0,0
60,"blindness and vision defects",1,"ClinicalBERT-stopwords",1,1,0,1,1,0,0,0,0
60,"blindness and vision defects",1,"ClinicalBERT-stopwords-nocode",1,1,0,2,1,0,0,0,0
60,"blindness and vision defects",1,"SapBERT-base",1,1,1,2,0,0.333,1,0.5,0.333
60,"blindness and vision defects",1,"mpnet-base",1,1,1,1,0,0.5,1,0.667,0.5
61,"other ear and sense organ disorders",3,"ClinicalBERT-base",3,7,5,1,2,0.833,0.714,0.769,0.625
61,"other ear and sense organ disorders",3,"ClinicalBERT-base-nocode",3,7,5,1,2,0.833,0.714,0.769,0.625
61,"other ear and sense organ disorders",3,"ClinicalBERT-original",3,7,5,0,2,1,0.714,0.833,0.714
61,"other ear and sense organ disorders",3,"ClinicalBERT-stopwords",3,7,6,0,1,1,0.857,0.923,0.857
61,"other ear and sense organ disorders",3,"ClinicalBERT-stopwords-nocode",3,7,6,0,1,1,0.857,0.923,0.857
61,"other ear and sense organ disorders",3,"SapBERT-base",3,7,6,0,1,1,0.857,0.923,0.857
61,"other ear and sense organ disorders",3,"mpnet-base",3,7,6,0,1,1,0.857,0.923,0.857
62,"otitis media and related conditions",3,"ClinicalBERT-base",3,8,3,1,5,0.75,0.375,0.5,0.333
62,"otitis media and related conditions",3,"ClinicalBERT-base-nocode",3,8,3,1,5,0.75,0.375,0.5,0.333
62,"otitis media and related conditions",3,"ClinicalBERT-original",3,8,3,1,5,0.75,0.375,0.5,0.333
62,"otitis media and related conditions",3,"ClinicalBERT-stopwords",3,8,3,1,5,0.75,0.375,0.5,0.333
62,"otitis media and related conditions",3,"ClinicalBERT-stopwords-nocode",3,8,4,1,4,0.8,0.5,0.615,0.444
62,"otitis media and related conditions",3,"SapBERT-base",3,8,3,1,5,0.75,0.375,0.5,0.333
62,"otitis media and related conditions",3,"mpnet-base",3,8,3,1,5,0.75,0.375,0.5,0.333
63,"conditions associated with dizziness or vertigo",1,"ClinicalBERT-base",1,3,1,1,2,0.5,0.333,0.4,0.25
63,"conditions associated with dizziness or vertigo",1,"ClinicalBERT-base-nocode",1,3,1,1,2,0.5,0.333,0.4,0.25
63,"conditions associated with dizziness or vertigo",1,"ClinicalBERT-original",1,3,1,1,2,0.5,0.333,0.4,0.25
63,"conditions associated with dizziness or vertigo",1,"ClinicalBERT-stopwords",1,3,1,0,2,1,0.333,0.5,0.333
63,"conditions associated with dizziness or vertigo",1,"ClinicalBERT-stopwords-nocode",1,3,1,1,2,0.5,0.333,0.4,0.25
63,"conditions associated with dizziness or vertigo",1,"SapBERT-base",1,3,2,0,1,1,0.667,0.8,0.667
63,"conditions associated with dizziness or vertigo",1,"mpnet-base",1,3,1,0,2,1,0.333,0.5,0.333
64,"peri endo and myocarditis cardiomyopathy",4,"ClinicalBERT-base",4,9,3,3,6,0.5,0.333,0.4,0.25
64,"peri endo and myocarditis cardiomyopathy",4,"ClinicalBERT-base-nocode",4,9,3,3,6,0.5,0.333,0.4,0.25
64,"peri endo and myocarditis cardiomyopathy",4,"ClinicalBERT-original",4,9,3,3,6,0.5,0.333,0.4,0.25
64,"peri endo and myocarditis cardiomyopathy",4,"ClinicalBERT-stopwords",4,9,3,3,6,0.5,0.333,0.4,0.25
64,"peri endo and myocarditis cardiomyopathy",4,"ClinicalBERT-stopwords-nocode",4,9,3,3,6,0.5,0.333,0.4,0.25
64,"peri endo and myocarditis cardiomyopathy",4,"SapBERT-base",4,9,3,4,6,0.429,0.333,0.375,0.231
64,"peri endo and myocarditis cardiomyopathy",4,"mpnet-base",4,9,4,3,5,0.571,0.444,0.5,0.333
65,"heart valve disorders",5,"ClinicalBERT-base",5,14,1,6,13,0.143,0.071,0.095,0.05
65,"heart valve disorders",5,"ClinicalBERT-base-nocode",5,14,1,7,13,0.125,0.071,0.091,0.048
65,"heart valve disorders",5,"ClinicalBERT-original",5,14,1,5,13,0.167,0.071,0.1,0.053
65,"heart valve disorders",5,"ClinicalBERT-stopwords",5,14,1,4,13,0.2,0.071,0.105,0.056
65,"heart valve disorders",5,"ClinicalBERT-stopwords-nocode",5,14,1,8,13,0.111,0.071,0.087,0.045
65,"heart valve disorders",5,"SapBERT-base",5,14,2,8,12,0.2,0.143,0.167,0.091
65,"heart valve disorders",5,"mpnet-base",5,14,4,8,10,0.333,0.286,0.308,0.182
66,"hypertension",1,"ClinicalBERT-base",1,1,1,1,0,0.5,1,0.667,0.5
66,"hypertension",1,"ClinicalBERT-base-nocode",1,1,1,0,0,1,1,1,1
66,"hypertension",1,"ClinicalBERT-original",1,1,1,1,0,0.5,1,0.667,0.5
66,"hypertension",1,"ClinicalBERT-stopwords",1,1,1,1,0,0.5,1,0.667,0.5
66,"hypertension",1,"ClinicalBERT-stopwords-nocode",1,1,1,0,0,1,1,1,1
66,"hypertension",1,"SapBERT-base",1,1,1,0,0,1,1,1,1
66,"hypertension",1,"mpnet-base",1,1,1,0,0,1,1,1,1
67,"hypertension complications",4,"ClinicalBERT-base",4,4,3,4,1,0.429,0.75,0.545,0.375
67,"hypertension complications",4,"ClinicalBERT-base-nocode",4,4,4,5,0,0.444,1,0.615,0.444
67,"hypertension complications",4,"ClinicalBERT-original",4,4,3,4,1,0.429,0.75,0.545,0.375
67,"hypertension complications",4,"ClinicalBERT-stopwords",4,4,2,5,2,0.286,0.5,0.364,0.222
67,"hypertension complications",4,"ClinicalBERT-stopwords-nocode",4,4,4,5,0,0.444,1,0.615,0.444
67,"hypertension complications",4,"SapBERT-base",4,4,3,5,1,0.375,0.75,0.5,0.333
67,"hypertension complications",4,"mpnet-base",4,4,3,4,1,0.429,0.75,0.545,0.375
68,"acute myocardial infarction",1,"ClinicalBERT-base",1,3,1,0,2,1,0.333,0.5,0.333
68,"acute myocardial infarction",1,"ClinicalBERT-base-nocode",1,3,1,0,2,1,0.333,0.5,0.333
68,"acute myocardial infarction",1,"ClinicalBERT-original",1,3,1,0,2,1,0.333,0.5,0.333
68,"acute myocardial infarction",1,"ClinicalBERT-stopwords",1,3,1,0,2,1,0.333,0.5,0.333
68,"acute myocardial infarction",1,"ClinicalBERT-stopwords-nocode",1,3,1,0,2,1,0.333,0.5,0.333
68,"acute myocardial infarction",1,"SapBERT-base",1,3,1,0,2,1,0.333,0.5,0.333
68,"acute myocardial infarction",1,"mpnet-base",1,3,1,1,2,0.5,0.333,0.4,0.25
69,"coronary atherosclerosis and other heart disease",4,"ClinicalBERT-base",4,5,2,6,3,0.25,0.4,0.308,0.182
69,"coronary atherosclerosis and other heart disease",4,"ClinicalBERT-base-nocode",4,5,3,5,2,0.375,0.6,0.462,0.3
69,"coronary atherosclerosis and other heart disease",4,"ClinicalBERT-original",4,5,2,4,3,0.333,0.4,0.364,0.222
69,"coronary atherosclerosis and other heart disease",4,"ClinicalBERT-stopwords",4,5,2,5,3,0.286,0.4,0.333,0.2
69,"coronary atherosclerosis and other heart disease",4,"ClinicalBERT-stopwords-nocode",4,5,2,5,3,0.286,0.4,0.333,0.2
69,"coronary atherosclerosis and other heart disease",4,"SapBERT-base",4,5,3,4,2,0.429,0.6,0.5,0.333
69,"coronary atherosclerosis and other heart disease",4,"mpnet-base",4,5,3,5,2,0.375,0.6,0.462,0.3
70,"pulmonary heart disease",3,"ClinicalBERT-base",3,4,2,4,2,0.333,0.5,0.4,0.25
70,"pulmonary heart disease",3,"ClinicalBERT-base-nocode",3,4,3,3,1,0.5,0.75,0.6,0.429
70,"pulmonary heart disease",3,"ClinicalBERT-original",3,4,2,4,2,0.333,0.5,0.4,0.25
70,"pulmonary heart disease",3,"ClinicalBERT-stopwords",3,4,2,4,2,0.333,0.5,0.4,0.25
70,"pulmonary heart disease",3,"ClinicalBERT-stopwords-nocode",3,4,3,3,1,0.5,0.75,0.6,0.429
70,"pulmonary heart disease",3,"SapBERT-base",3,4,3,4,1,0.429,0.75,0.545,0.375
70,"pulmonary heart disease",3,"mpnet-base",3,4,3,2,1,0.6,0.75,0.667,0.5
71,"conduction disorders",1,"ClinicalBERT-base",1,2,1,1,1,0.5,0.5,0.5,0.333
71,"conduction disorders",1,"ClinicalBERT-base-nocode",1,2,1,0,1,1,0.5,0.667,0.5
71,"conduction disorders",1,"ClinicalBERT-original",1,2,1,0,1,1,0.5,0.667,0.5
71,"conduction disorders",1,"ClinicalBERT-stopwords",1,2,2,0,0,1,1,1,1
71,"conduction disorders",1,"ClinicalBERT-stopwords-nocode",1,2,2,0,0,1,1,1,1
71,"conduction disorders",1,"SapBERT-base",1,2,2,1,0,0.667,1,0.8,0.667
71,"conduction disorders",1,"mpnet-base",1,2,2,0,0,1,1,1,1
72,"cardiac dysrhythmias arrest chf and ventricular fibrillation",2,"ClinicalBERT-base",2,6,3,0,3,1,0.5,0.667,0.5
72,"cardiac dysrhythmias arrest chf and ventricular fibrillation",2,"ClinicalBERT-base-nocode",2,6,2,1,4,0.667,0.333,0.444,0.286
72,"cardiac dysrhythmias arrest chf and ventricular fibrillation",2,"ClinicalBERT-original",2,6,3,0,3,1,0.5,0.667,0.5
72,"cardiac dysrhythmias arrest chf and ventricular fibrillation",2,"ClinicalBERT-stopwords",2,6,3,0,3,1,0.5,0.667,0.5
72,"cardiac dysrhythmias arrest chf and ventricular fibrillation",2,"ClinicalBERT-stopwords-nocode",2,6,3,0,3,1,0.5,0.667,0.5
72,"cardiac dysrhythmias arrest chf and ventricular fibrillation",2,"SapBERT-base",2,6,3,0,3,1,0.5,0.667,0.5
72,"cardiac dysrhythmias arrest chf and ventricular fibrillation",2,"mpnet-base",2,6,4,1,2,0.8,0.667,0.727,0.571
73,"other and illdefined heart disease",1,"ClinicalBERT-base",1,7,1,1,6,0.5,0.143,0.222,0.125
73,"other and illdefined heart disease",1,"ClinicalBERT-base-nocode",1,7,1,1,6,0.5,0.143,0.222,0.125
73,"other and illdefined heart disease",1,"ClinicalBERT-original",1,7,1,1,6,0.5,0.143,0.222,0.125
73,"other and illdefined heart disease",1,"ClinicalBERT-stopwords",1,7,1,1,6,0.5,0.143,0.222,0.125
73,"other and illdefined heart disease",1,"ClinicalBERT-stopwords-nocode",1,7,1,1,6,0.5,0.143,0.222,0.125
73,"other and illdefined heart disease",1,"SapBERT-base",1,7,1,2,6,0.333,0.143,0.2,0.111
73,"other and illdefined heart disease",1,"mpnet-base",1,7,1,1,6,0.5,0.143,0.222,0.125
74,"acute cerebrovascular disease",6,"ClinicalBERT-base",6,11,6,6,5,0.5,0.545,0.522,0.353
74,"acute cerebrovascular disease",6,"ClinicalBERT-base-nocode",6,11,5,4,6,0.556,0.455,0.5,0.333
74,"acute cerebrovascular disease",6,"ClinicalBERT-original",6,11,5,6,6,0.455,0.455,0.455,0.294
74,"acute cerebrovascular disease",6,"ClinicalBERT-stopwords",6,11,7,5,4,0.583,0.636,0.609,0.438
74,"acute cerebrovascular disease",6,"ClinicalBERT-stopwords-nocode",6,11,6,3,5,0.667,0.545,0.6,0.429
74,"acute cerebrovascular disease",6,"SapBERT-base",6,11,5,3,6,0.625,0.455,0.526,0.357
74,"acute cerebrovascular disease",6,"mpnet-base",6,11,6,4,5,0.6,0.545,0.571,0.4
75,"transient cerebral ischemia",1,"ClinicalBERT-base",1,1,0,3,1,0,0,0,0
75,"transient cerebral ischemia",1,"ClinicalBERT-base-nocode",1,1,0,1,1,0,0,0,0
75,"transient cerebral ischemia",1,"ClinicalBERT-original",1,1,0,2,1,0,0,0,0
75,"transient cerebral ischemia",1,"ClinicalBERT-stopwords",1,1,0,3,1,0,0,0,0
75,"transient cerebral ischemia",1,"ClinicalBERT-stopwords-nocode",1,1,0,1,1,0,0,0,0
75,"transient cerebral ischemia",1,"SapBERT-base",1,1,0,3,1,0,0,0,0
75,"transient cerebral ischemia",1,"mpnet-base",1,1,0,2,1,0,0,0,0
76,"other and illdefined cerebrovascular disease",2,"ClinicalBERT-base",2,5,2,3,3,0.4,0.4,0.4,0.25
76,"other and illdefined cerebrovascular disease",2,"ClinicalBERT-base-nocode",2,5,1,2,4,0.333,0.2,0.25,0.143
76,"other and illdefined cerebrovascular disease",2,"ClinicalBERT-original",2,5,2,3,3,0.4,0.4,0.4,0.25
76,"other and illdefined cerebrovascular disease",2,"ClinicalBERT-stopwords",2,5,2,2,3,0.5,0.4,0.444,0.286
76,"other and illdefined cerebrovascular disease",2,"ClinicalBERT-stopwords-nocode",2,5,0,3,5,0,0,0,0
76,"other and illdefined cerebrovascular disease",2,"SapBERT-base",2,5,2,2,3,0.5,0.4,0.444,0.286
76,"other and illdefined cerebrovascular disease",2,"mpnet-base",2,5,2,2,3,0.5,0.4,0.444,0.286
77,"other circulatory disease",8,"ClinicalBERT-base",8,13,7,4,6,0.636,0.538,0.583,0.412
77,"other circulatory disease",8,"ClinicalBERT-base-nocode",8,13,7,3,6,0.7,0.538,0.609,0.438
77,"other circulatory disease",8,"ClinicalBERT-original",8,13,7,4,6,0.636,0.538,0.583,0.412
77,"other circulatory disease",8,"ClinicalBERT-stopwords",8,13,7,6,6,0.538,0.538,0.538,0.368
77,"other circulatory disease",8,"ClinicalBERT-stopwords-nocode",8,13,7,3,6,0.7,0.538,0.609,0.438
77,"other circulatory disease",8,"SapBERT-base",8,13,7,3,6,0.7,0.538,0.609,0.438
77,"other circulatory disease",8,"mpnet-base",8,13,7,4,6,0.636,0.538,0.583,0.412
78,"aortic and peripheral arterial embolism or thrombosis",2,"ClinicalBERT-base",2,1,1,3,0,0.25,1,0.4,0.25
78,"aortic and peripheral arterial embolism or thrombosis",2,"ClinicalBERT-base-nocode",2,1,1,2,0,0.333,1,0.5,0.333
78,"aortic and peripheral arterial embolism or thrombosis",2,"ClinicalBERT-original",2,1,1,3,0,0.25,1,0.4,0.25
78,"aortic and peripheral arterial embolism or thrombosis",2,"ClinicalBERT-stopwords",2,1,1,3,0,0.25,1,0.4,0.25
78,"aortic and peripheral arterial embolism or thrombosis",2,"ClinicalBERT-stopwords-nocode",2,1,1,2,0,0.333,1,0.5,0.333
78,"aortic and peripheral arterial embolism or thrombosis",2,"SapBERT-base",2,1,1,2,0,0.333,1,0.5,0.333
78,"aortic and peripheral arterial embolism or thrombosis",2,"mpnet-base",2,1,1,3,0,0.25,1,0.4,0.25
79,"phlebitis thrombophlebitis and thromboembolism",1,"ClinicalBERT-base",1,1,1,2,0,0.333,1,0.5,0.333
79,"phlebitis thrombophlebitis and thromboembolism",1,"ClinicalBERT-base-nocode",1,1,1,1,0,0.5,1,0.667,0.5
79,"phlebitis thrombophlebitis and thromboembolism",1,"ClinicalBERT-original",1,1,1,2,0,0.333,1,0.5,0.333
79,"phlebitis thrombophlebitis and thromboembolism",1,"ClinicalBERT-stopwords",1,1,1,2,0,0.333,1,0.5,0.333
79,"phlebitis thrombophlebitis and thromboembolism",1,"ClinicalBERT-stopwords-nocode",1,1,1,1,0,0.5,1,0.667,0.5
79,"phlebitis thrombophlebitis and thromboembolism",1,"SapBERT-base",1,1,1,1,0,0.5,1,0.667,0.5
79,"phlebitis thrombophlebitis and thromboembolism",1,"mpnet-base",1,1,1,1,0,0.5,1,0.667,0.5
80,"other diseases of veins and lymphatics",3,"ClinicalBERT-base",3,8,4,1,4,0.8,0.5,0.615,0.444
80,"other diseases of veins and lymphatics",3,"ClinicalBERT-base-nocode",3,8,3,1,5,0.75,0.375,0.5,0.333
80,"other diseases of veins and lymphatics",3,"ClinicalBERT-original",3,8,4,1,4,0.8,0.5,0.615,0.444
80,"other diseases of veins and lymphatics",3,"ClinicalBERT-stopwords",3,8,4,1,4,0.8,0.5,0.615,0.444
80,"other diseases of veins and lymphatics",3,"ClinicalBERT-stopwords-nocode",3,8,3,1,5,0.75,0.375,0.5,0.333
80,"other diseases of veins and lymphatics",3,"SapBERT-base",3,8,4,1,4,0.8,0.5,0.615,0.444
80,"other diseases of veins and lymphatics",3,"mpnet-base",3,8,4,1,4,0.8,0.5,0.615,0.444
81,"other upper respiratory disease",4,"ClinicalBERT-base",4,7,3,3,4,0.5,0.429,0.462,0.3
81,"other upper respiratory disease",4,"ClinicalBERT-base-nocode",4,7,3,4,4,0.429,0.429,0.429,0.273
81,"other upper respiratory disease",4,"ClinicalBERT-original",4,7,2,3,5,0.4,0.286,0.333,0.2
81,"other upper respiratory disease",4,"ClinicalBERT-stopwords",4,7,3,5,4,0.375,0.429,0.4,0.25
81,"other upper respiratory disease",4,"ClinicalBERT-stopwords-nocode",4,7,5,3,2,0.625,0.714,0.667,0.5
81,"other upper respiratory disease",4,"SapBERT-base",4,7,4,5,3,0.444,0.571,0.5,0.333
81,"other upper respiratory disease",4,"mpnet-base",4,7,4,5,3,0.444,0.571,0.5,0.333
82,"other upper respiratory infections",1,"ClinicalBERT-base",1,1,1,0,0,1,1,1,1
82,"other upper respiratory infections",1,"ClinicalBERT-base-nocode",1,1,1,0,0,1,1,1,1
82,"other upper respiratory infections",1,"ClinicalBERT-original",1,1,1,0,0,1,1,1,1
82,"other upper respiratory infections",1,"ClinicalBERT-stopwords",1,1,1,0,0,1,1,1,1
82,"other upper respiratory infections",1,"ClinicalBERT-stopwords-nocode",1,1,1,0,0,1,1,1,1
82,"other upper respiratory infections",1,"SapBERT-base",1,1,1,0,0,1,1,1,1
82,"other upper respiratory infections",1,"mpnet-base",1,1,1,0,0,1,1,1,1
83,"acute and chronic tonsillitis",1,"ClinicalBERT-base",1,1,1,0,0,1,1,1,1
83,"acute and chronic tonsillitis",1,"ClinicalBERT-base-nocode",1,1,1,0,0,1,1,1,1
83,"acute and chronic tonsillitis",1,"ClinicalBERT-original",1,1,1,0,0,1,1,1,1
83,"acute and chronic tonsillitis",1,"ClinicalBERT-stopwords",1,1,1,0,0,1,1,1,1
83,"acute and chronic tonsillitis",1,"ClinicalBERT-stopwords-nocode",1,1,1,0,0,1,1,1,1
83,"acute and chronic tonsillitis",1,"SapBERT-base",1,1,1,0,0,1,1,1,1
83,"acute and chronic tonsillitis",1,"mpnet-base",1,1,1,0,0,1,1,1,1
84,"chronic obstructive pulmonary disease copd",4,"ClinicalBERT-base",4,6,3,2,3,0.6,0.5,0.545,0.375
84,"chronic obstructive pulmonary disease copd",4,"ClinicalBERT-base-nocode",4,6,4,2,2,0.667,0.667,0.667,0.5
84,"chronic obstructive pulmonary disease copd",4,"ClinicalBERT-original",4,6,3,1,3,0.75,0.5,0.6,0.429
84,"chronic obstructive pulmonary disease copd",4,"ClinicalBERT-stopwords",4,6,3,2,3,0.6,0.5,0.545,0.375
84,"chronic obstructive pulmonary disease copd",4,"ClinicalBERT-stopwords-nocode",4,6,4,3,2,0.571,0.667,0.615,0.444
84,"chronic obstructive pulmonary disease copd",4,"SapBERT-base",4,6,5,1,1,0.833,0.833,0.833,0.714
84,"chronic obstructive pulmonary disease copd",4,"mpnet-base",4,6,4,3,2,0.571,0.667,0.615,0.444
85,"asthma",1,"ClinicalBERT-base",1,1,1,0,0,1,1,1,1
85,"asthma",1,"ClinicalBERT-base-nocode",1,1,1,0,0,1,1,1,1
85,"asthma",1,"ClinicalBERT-original",1,1,1,0,0,1,1,1,1
85,"asthma",1,"ClinicalBERT-stopwords",1,1,1,0,0,1,1,1,1
85,"asthma",1,"ClinicalBERT-stopwords-nocode",1,1,1,0,0,1,1,1,1
85,"asthma",1,"SapBERT-base",1,1,1,0,0,1,1,1,1
85,"asthma",1,"mpnet-base",1,1,1,0,0,1,1,1,1
86,"lung disease due to external agents",9,"ClinicalBERT-base",9,10,6,10,4,0.375,0.6,0.462,0.3
86,"lung disease due to external agents",9,"ClinicalBERT-base-nocode",9,10,7,7,3,0.5,0.7,0.583,0.412
86,"lung disease due to external agents",9,"ClinicalBERT-original",9,10,6,9,4,0.4,0.6,0.48,0.316
86,"lung disease due to external agents",9,"ClinicalBERT-stopwords",9,10,6,8,4,0.429,0.6,0.5,0.333
86,"lung disease due to external agents",9,"ClinicalBERT-stopwords-nocode",9,10,8,7,2,0.533,0.8,0.64,0.471
86,"lung disease due to external agents",9,"SapBERT-base",9,10,8,5,2,0.615,0.8,0.696,0.533
86,"lung disease due to external agents",9,"mpnet-base",9,10,8,4,2,0.667,0.8,0.727,0.571
87,"other lower respiratory disease",5,"ClinicalBERT-base",5,5,3,6,2,0.333,0.6,0.429,0.273
87,"other lower respiratory disease",5,"ClinicalBERT-base-nocode",5,5,2,3,3,0.4,0.4,0.4,0.25
87,"other lower respiratory disease",5,"ClinicalBERT-original",5,5,3,5,2,0.375,0.6,0.462,0.3
87,"other lower respiratory disease",5,"ClinicalBERT-stopwords",5,5,2,5,3,0.286,0.4,0.333,0.2
87,"other lower respiratory disease",5,"ClinicalBERT-stopwords-nocode",5,5,3,5,2,0.375,0.6,0.462,0.3
87,"other lower respiratory disease",5,"SapBERT-base",5,5,2,7,3,0.222,0.4,0.286,0.167
87,"other lower respiratory disease",5,"mpnet-base",5,5,2,7,3,0.222,0.4,0.286,0.167
88,"respiratory failure pulmonary collapse",1,"ClinicalBERT-base",1,7,1,0,6,1,0.143,0.25,0.143
88,"respiratory failure pulmonary collapse",1,"ClinicalBERT-base-nocode",1,7,1,0,6,1,0.143,0.25,0.143
88,"respiratory failure pulmonary collapse",1,"ClinicalBERT-original",1,7,1,0,6,1,0.143,0.25,0.143
88,"respiratory failure pulmonary collapse",1,"ClinicalBERT-stopwords",1,7,1,1,6,0.5,0.143,0.222,0.125
88,"respiratory failure pulmonary collapse",1,"ClinicalBERT-stopwords-nocode",1,7,1,0,6,1,0.143,0.25,0.143
88,"respiratory failure pulmonary collapse",1,"SapBERT-base",1,7,2,0,5,1,0.286,0.444,0.286
88,"respiratory failure pulmonary collapse",1,"mpnet-base",1,7,1,2,6,0.333,0.143,0.2,0.111
89,"disorders of teeth and jaw",2,"ClinicalBERT-base",2,4,2,2,2,0.5,0.5,0.5,0.333
89,"disorders of teeth and jaw",2,"ClinicalBERT-base-nocode",2,4,2,2,2,0.5,0.5,0.5,0.333
89,"disorders of teeth and jaw",2,"ClinicalBERT-original",2,4,2,2,2,0.5,0.5,0.5,0.333
89,"disorders of teeth and jaw",2,"ClinicalBERT-stopwords",2,4,2,2,2,0.5,0.5,0.5,0.333
89,"disorders of teeth and jaw",2,"ClinicalBERT-stopwords-nocode",2,4,2,2,2,0.5,0.5,0.5,0.333
89,"disorders of teeth and jaw",2,"SapBERT-base",2,4,2,2,2,0.5,0.5,0.5,0.333
89,"disorders of teeth and jaw",2,"mpnet-base",2,4,2,2,2,0.5,0.5,0.5,0.333
90,"esophageal disorders",1,"ClinicalBERT-base",1,4,2,0,2,1,0.5,0.667,0.5
90,"esophageal disorders",1,"ClinicalBERT-base-nocode",1,4,1,1,3,0.5,0.25,0.333,0.2
90,"esophageal disorders",1,"ClinicalBERT-original",1,4,1,0,3,1,0.25,0.4,0.25
90,"esophageal disorders",1,"ClinicalBERT-stopwords",1,4,1,0,3,1,0.25,0.4,0.25
90,"esophageal disorders",1,"ClinicalBERT-stopwords-nocode",1,4,1,0,3,1,0.25,0.4,0.25
90,"esophageal disorders",1,"SapBERT-base",1,4,1,0,3,1,0.25,0.4,0.25
90,"esophageal disorders",1,"mpnet-base",1,4,2,0,2,1,0.5,0.667,0.5
91,"gasduo ulcer without hemorrhage",4,"ClinicalBERT-base",4,4,4,5,0,0.444,1,0.615,0.444
91,"gasduo ulcer without hemorrhage",4,"ClinicalBERT-base-nocode",4,4,4,2,0,0.667,1,0.8,0.667
91,"gasduo ulcer without hemorrhage",4,"ClinicalBERT-original",4,4,4,4,0,0.5,1,0.667,0.5
91,"gasduo ulcer without hemorrhage",4,"ClinicalBERT-stopwords",4,4,4,5,0,0.444,1,0.615,0.444
91,"gasduo ulcer without hemorrhage",4,"ClinicalBERT-stopwords-nocode",4,4,4,2,0,0.667,1,0.8,0.667
91,"gasduo ulcer without hemorrhage",4,"SapBERT-base",4,4,4,4,0,0.5,1,0.667,0.5
91,"gasduo ulcer without hemorrhage",4,"mpnet-base",4,4,4,3,0,0.571,1,0.727,0.571
92,"gastritis and duodenitis",1,"ClinicalBERT-base",1,1,1,1,0,0.5,1,0.667,0.5
92,"gastritis and duodenitis",1,"ClinicalBERT-base-nocode",1,1,1,0,0,1,1,1,1
92,"gastritis and duodenitis",1,"ClinicalBERT-original",1,1,1,1,0,0.5,1,0.667,0.5
92,"gastritis and duodenitis",1,"ClinicalBERT-stopwords",1,1,1,2,0,0.333,1,0.5,0.333
92,"gastritis and duodenitis",1,"ClinicalBERT-stopwords-nocode",1,1,1,0,0,1,1,1,1
92,"gastritis and duodenitis",1,"SapBERT-base",1,1,1,0,0,1,1,1,1
92,"gastritis and duodenitis",1,"mpnet-base",1,1,1,0,0,1,1,1,1
93,"other disorders of stomach and duodenum",1,"ClinicalBERT-base",1,1,1,1,0,0.5,1,0.667,0.5
93,"other disorders of stomach and duodenum",1,"ClinicalBERT-base-nocode",1,1,1,0,0,1,1,1,1
93,"other disorders of stomach and duodenum",1,"ClinicalBERT-original",1,1,1,1,0,0.5,1,0.667,0.5
93,"other disorders of stomach and duodenum",1,"ClinicalBERT-stopwords",1,1,1,0,0,1,1,1,1
93,"other disorders of stomach and duodenum",1,"ClinicalBERT-stopwords-nocode",1,1,1,0,0,1,1,1,1
93,"other disorders of stomach and duodenum",1,"SapBERT-base",1,1,1,0,0,1,1,1,1
93,"other disorders of stomach and duodenum",1,"mpnet-base",1,1,1,1,0,0.5,1,0.667,0.5
94,"regional enteritis and ulcerative colitis",2,"ClinicalBERT-base",2,2,2,2,0,0.5,1,0.667,0.5
94,"regional enteritis and ulcerative colitis",2,"ClinicalBERT-base-nocode",2,2,2,0,0,1,1,1,1
94,"regional enteritis and ulcerative colitis",2,"ClinicalBERT-original",2,2,2,1,0,0.667,1,0.8,0.667
94,"regional enteritis and ulcerative colitis",2,"ClinicalBERT-stopwords",2,2,2,1,0,0.667,1,0.8,0.667
94,"regional enteritis and ulcerative colitis",2,"ClinicalBERT-stopwords-nocode",2,2,2,1,0,0.667,1,0.8,0.667
94,"regional enteritis and ulcerative colitis",2,"SapBERT-base",2,2,2,0,0,1,1,1,1
94,"regional enteritis and ulcerative colitis",2,"mpnet-base",2,2,2,0,0,1,1,1,1
95,"noninfectious gastroenteritis",1,"ClinicalBERT-base",1,2,1,0,1,1,0.5,0.667,0.5
95,"noninfectious gastroenteritis",1,"ClinicalBERT-base-nocode",1,2,1,0,1,1,0.5,0.667,0.5
95,"noninfectious gastroenteritis",1,"ClinicalBERT-original",1,2,1,0,1,1,0.5,0.667,0.5
95,"noninfectious gastroenteritis",1,"ClinicalBERT-stopwords",1,2,1,0,1,1,0.5,0.667,0.5
95,"noninfectious gastroenteritis",1,"ClinicalBERT-stopwords-nocode",1,2,1,0,1,1,0.5,0.667,0.5
95,"noninfectious gastroenteritis",1,"SapBERT-base",1,2,1,0,1,1,0.5,0.667,0.5
95,"noninfectious gastroenteritis",1,"mpnet-base",1,2,1,0,1,1,0.5,0.667,0.5
96,"diverticulosis and diverticulitis",1,"ClinicalBERT-base",1,1,1,0,0,1,1,1,1
96,"diverticulosis and diverticulitis",1,"ClinicalBERT-base-nocode",1,1,1,0,0,1,1,1,1
96,"diverticulosis and diverticulitis",1,"ClinicalBERT-original",1,1,1,0,0,1,1,1,1
96,"diverticulosis and diverticulitis",1,"ClinicalBERT-stopwords",1,1,1,0,0,1,1,1,1
96,"diverticulosis and diverticulitis",1,"ClinicalBERT-stopwords-nocode",1,1,1,0,0,1,1,1,1
96,"diverticulosis and diverticulitis",1,"SapBERT-base",1,1,1,0,0,1,1,1,1
96,"diverticulosis and diverticulitis",1,"mpnet-base",1,1,1,0,0,1,1,1,1
97,"other gastrointestinal disorders",2,"ClinicalBERT-base",2,6,3,0,3,1,0.5,0.667,0.5
97,"other gastrointestinal disorders",2,"ClinicalBERT-base-nocode",2,6,2,0,4,1,0.333,0.5,0.333
97,"other gastrointestinal disorders",2,"ClinicalBERT-original",2,6,2,0,4,1,0.333,0.5,0.333
97,"other gastrointestinal disorders",2,"ClinicalBERT-stopwords",2,6,2,2,4,0.5,0.333,0.4,0.25
97,"other gastrointestinal disorders",2,"ClinicalBERT-stopwords-nocode",2,6,2,0,4,1,0.333,0.5,0.333
97,"other gastrointestinal disorders",2,"SapBERT-base",2,6,2,0,4,1,0.333,0.5,0.333
97,"other gastrointestinal disorders",2,"mpnet-base",2,6,3,0,3,1,0.5,0.667,0.5
98,"hepatitis and other liver diseases",3,"ClinicalBERT-base",3,13,3,1,10,0.75,0.231,0.353,0.214
98,"hepatitis and other liver diseases",3,"ClinicalBERT-base-nocode",3,13,3,3,10,0.5,0.231,0.316,0.188
98,"hepatitis and other liver diseases",3,"ClinicalBERT-original",3,13,3,1,10,0.75,0.231,0.353,0.214
98,"hepatitis and other liver diseases",3,"ClinicalBERT-stopwords",3,13,3,1,10,0.75,0.231,0.353,0.214
98,"hepatitis and other liver diseases",3,"ClinicalBERT-stopwords-nocode",3,13,6,1,7,0.857,0.462,0.6,0.429
98,"hepatitis and other liver diseases",3,"SapBERT-base",3,13,5,3,8,0.625,0.385,0.476,0.312
98,"hepatitis and other liver diseases",3,"mpnet-base",3,13,7,2,6,0.778,0.538,0.636,0.467
99,"biliary tract disease",2,"ClinicalBERT-base",2,5,2,2,3,0.5,0.4,0.444,0.286
99,"biliary tract disease",2,"ClinicalBERT-base-nocode",2,5,2,2,3,0.5,0.4,0.444,0.286
99,"biliary tract disease",2,"ClinicalBERT-original",2,5,2,2,3,0.5,0.4,0.444,0.286
99,"biliary tract disease",2,"ClinicalBERT-stopwords",2,5,1,3,4,0.25,0.2,0.222,0.125
99,"biliary tract disease",2,"ClinicalBERT-stopwords-nocode",2,5,2,2,3,0.5,0.4,0.444,0.286
99,"biliary tract disease",2,"SapBERT-base",2,5,2,2,3,0.5,0.4,0.444,0.286
99,"biliary tract disease",2,"mpnet-base",2,5,2,2,3,0.5,0.4,0.444,0.286
100,"pancreatic disorders excluding diabetes",1,"ClinicalBERT-base",1,3,1,1,2,0.5,0.333,0.4,0.25
100,"pancreatic disorders excluding diabetes",1,"ClinicalBERT-base-nocode",1,3,1,1,2,0.5,0.333,0.4,0.25
100,"pancreatic disorders excluding diabetes",1,"ClinicalBERT-original",1,3,1,1,2,0.5,0.333,0.4,0.25
100,"pancreatic disorders excluding diabetes",1,"ClinicalBERT-stopwords",1,3,2,1,1,0.667,0.667,0.667,0.5
100,"pancreatic disorders excluding diabetes",1,"ClinicalBERT-stopwords-nocode",1,3,2,0,1,1,0.667,0.8,0.667
100,"pancreatic disorders excluding diabetes",1,"SapBERT-base",1,3,2,0,1,1,0.667,0.8,0.667
100,"pancreatic disorders excluding diabetes",1,"mpnet-base",1,3,2,0,1,1,0.667,0.8,0.667
101,"chronic kideny disease and related conditions",6,"ClinicalBERT-base",6,16,3,11,13,0.214,0.188,0.2,0.111
101,"chronic kideny disease and related conditions",6,"ClinicalBERT-base-nocode",6,16,4,8,12,0.333,0.25,0.286,0.167
101,"chronic kideny disease and related conditions",6,"ClinicalBERT-original",6,16,2,8,14,0.2,0.125,0.154,0.083
101,"chronic kideny disease and related conditions",6,"ClinicalBERT-stopwords",6,16,3,11,13,0.214,0.188,0.2,0.111
101,"chronic kideny disease and related conditions",6,"ClinicalBERT-stopwords-nocode",6,16,4,8,12,0.333,0.25,0.286,0.167
101,"chronic kideny disease and related conditions",6,"SapBERT-base",6,16,5,10,11,0.333,0.312,0.323,0.192
101,"chronic kideny disease and related conditions",6,"mpnet-base",6,16,6,7,10,0.462,0.375,0.414,0.261
102,"other diseases of kidney and ureters",1,"ClinicalBERT-base",1,1,1,1,0,0.5,1,0.667,0.5
102,"other diseases of kidney and ureters",1,"ClinicalBERT-base-nocode",1,1,1,1,0,0.5,1,0.667,0.5
102,"other diseases of kidney and ureters",1,"ClinicalBERT-original",1,1,1,1,0,0.5,1,0.667,0.5
102,"other diseases of kidney and ureters",1,"ClinicalBERT-stopwords",1,1,1,1,0,0.5,1,0.667,0.5
102,"other diseases of kidney and ureters",1,"ClinicalBERT-stopwords-nocode",1,1,1,1,0,0.5,1,0.667,0.5
102,"other diseases of kidney and ureters",1,"SapBERT-base",1,1,1,2,0,0.333,1,0.5,0.333
102,"other diseases of kidney and ureters",1,"mpnet-base",1,1,1,2,0,0.333,1,0.5,0.333
103,"urinary tract infections",2,"ClinicalBERT-base",2,9,2,1,7,0.667,0.222,0.333,0.2
103,"urinary tract infections",2,"ClinicalBERT-base-nocode",2,9,2,1,7,0.667,0.222,0.333,0.2
103,"urinary tract infections",2,"ClinicalBERT-original",2,9,2,1,7,0.667,0.222,0.333,0.2
103,"urinary tract infections",2,"ClinicalBERT-stopwords",2,9,2,2,7,0.5,0.222,0.308,0.182
103,"urinary tract infections",2,"ClinicalBERT-stopwords-nocode",2,9,2,1,7,0.667,0.222,0.333,0.2
103,"urinary tract infections",2,"SapBERT-base",2,9,2,2,7,0.5,0.222,0.308,0.182
103,"urinary tract infections",2,"mpnet-base",2,9,2,2,7,0.5,0.222,0.308,0.182
104,"other diseases of bladder and urethra",2,"ClinicalBERT-base",2,10,2,0,8,1,0.2,0.333,0.2
104,"other diseases of bladder and urethra",2,"ClinicalBERT-base-nocode",2,10,2,0,8,1,0.2,0.333,0.2
104,"other diseases of bladder and urethra",2,"ClinicalBERT-original",2,10,2,0,8,1,0.2,0.333,0.2
104,"other diseases of bladder and urethra",2,"ClinicalBERT-stopwords",2,10,2,0,8,1,0.2,0.333,0.2
104,"other diseases of bladder and urethra",2,"ClinicalBERT-stopwords-nocode",2,10,2,1,8,0.667,0.2,0.308,0.182
104,"other diseases of bladder and urethra",2,"SapBERT-base",2,10,3,1,7,0.75,0.3,0.429,0.273
104,"other diseases of bladder and urethra",2,"mpnet-base",2,10,4,0,6,1,0.4,0.571,0.4
105,"hyperplasia of prostate",1,"ClinicalBERT-base",1,1,1,0,0,1,1,1,1
105,"hyperplasia of prostate",1,"ClinicalBERT-base-nocode",1,1,1,0,0,1,1,1,1
105,"hyperplasia of prostate",1,"ClinicalBERT-original",1,1,1,0,0,1,1,1,1
105,"hyperplasia of prostate",1,"ClinicalBERT-stopwords",1,1,1,0,0,1,1,1,1
105,"hyperplasia of prostate",1,"ClinicalBERT-stopwords-nocode",1,1,1,0,0,1,1,1,1
105,"hyperplasia of prostate",1,"SapBERT-base",1,1,1,0,0,1,1,1,1
105,"hyperplasia of prostate",1,"mpnet-base",1,1,1,0,0,1,1,1,1
106,"other male genital disorders",2,"ClinicalBERT-base",2,3,2,2,1,0.5,0.667,0.571,0.4
106,"other male genital disorders",2,"ClinicalBERT-base-nocode",2,3,2,0,1,1,0.667,0.8,0.667
106,"other male genital disorders",2,"ClinicalBERT-original",2,3,2,2,1,0.5,0.667,0.571,0.4
106,"other male genital disorders",2,"ClinicalBERT-stopwords",2,3,2,0,1,1,0.667,0.8,0.667
106,"other male genital disorders",2,"ClinicalBERT-stopwords-nocode",2,3,2,0,1,1,0.667,0.8,0.667
106,"other male genital disorders",2,"SapBERT-base",2,3,2,0,1,1,0.667,0.8,0.667
106,"other male genital disorders",2,"mpnet-base",2,3,2,0,1,1,0.667,0.8,0.667
107,"nonmalignant breast conditions",1,"ClinicalBERT-base",1,1,1,2,0,0.333,1,0.5,0.333
107,"nonmalignant breast conditions",1,"ClinicalBERT-base-nocode",1,1,1,1,0,0.5,1,0.667,0.5
107,"nonmalignant breast conditions",1,"ClinicalBERT-original",1,1,1,1,0,0.5,1,0.667,0.5
107,"nonmalignant breast conditions",1,"ClinicalBERT-stopwords",1,1,1,2,0,0.333,1,0.5,0.333
107,"nonmalignant breast conditions",1,"ClinicalBERT-stopwords-nocode",1,1,1,1,0,0.5,1,0.667,0.5
107,"nonmalignant breast conditions",1,"SapBERT-base",1,1,1,1,0,0.5,1,0.667,0.5
107,"nonmalignant breast conditions",1,"mpnet-base",1,1,1,1,0,0.5,1,0.667,0.5
108,"other female genital disorders",7,"ClinicalBERT-base",7,14,6,6,8,0.5,0.429,0.462,0.3
108,"other female genital disorders",7,"ClinicalBERT-base-nocode",7,14,6,4,8,0.6,0.429,0.5,0.333
108,"other female genital disorders",7,"ClinicalBERT-original",7,14,6,7,8,0.462,0.429,0.444,0.286
108,"other female genital disorders",7,"ClinicalBERT-stopwords",7,14,6,5,8,0.545,0.429,0.48,0.316
108,"other female genital disorders",7,"ClinicalBERT-stopwords-nocode",7,14,6,5,8,0.545,0.429,0.48,0.316
108,"other female genital disorders",7,"SapBERT-base",7,14,7,3,7,0.7,0.5,0.583,0.412
108,"other female genital disorders",7,"mpnet-base",7,14,7,5,7,0.583,0.5,0.538,0.368
109,"menstrual disorders",1,"ClinicalBERT-base",1,4,1,1,3,0.5,0.25,0.333,0.2
109,"menstrual disorders",1,"ClinicalBERT-base-nocode",1,4,1,2,3,0.333,0.25,0.286,0.167
109,"menstrual disorders",1,"ClinicalBERT-original",1,4,1,1,3,0.5,0.25,0.333,0.2
109,"menstrual disorders",1,"ClinicalBERT-stopwords",1,4,1,2,3,0.333,0.25,0.286,0.167
109,"menstrual disorders",1,"ClinicalBERT-stopwords-nocode",1,4,1,1,3,0.5,0.25,0.333,0.2
109,"menstrual disorders",1,"SapBERT-base",1,4,2,0,2,1,0.5,0.667,0.5
109,"menstrual disorders",1,"mpnet-base",1,4,2,0,2,1,0.5,0.667,0.5
110,"prolapse of female genital organs",1,"ClinicalBERT-base",1,2,1,0,1,1,0.5,0.667,0.5
110,"prolapse of female genital organs",1,"ClinicalBERT-base-nocode",1,2,1,1,1,0.5,0.5,0.5,0.333
110,"prolapse of female genital organs",1,"ClinicalBERT-original",1,2,1,0,1,1,0.5,0.667,0.5
110,"prolapse of female genital organs",1,"ClinicalBERT-stopwords",1,2,1,0,1,1,0.5,0.667,0.5
110,"prolapse of female genital organs",1,"ClinicalBERT-stopwords-nocode",1,2,1,1,1,0.5,0.5,0.5,0.333
110,"prolapse of female genital organs",1,"SapBERT-base",1,2,1,0,1,1,0.5,0.667,0.5
110,"prolapse of female genital organs",1,"mpnet-base",1,2,1,0,1,1,0.5,0.667,0.5
111,"menopausal disorders",1,"ClinicalBERT-base",1,2,1,0,1,1,0.5,0.667,0.5
111,"menopausal disorders",1,"ClinicalBERT-base-nocode",1,2,1,0,1,1,0.5,0.667,0.5
111,"menopausal disorders",1,"ClinicalBERT-original",1,2,1,0,1,1,0.5,0.667,0.5
111,"menopausal disorders",1,"ClinicalBERT-stopwords",1,2,1,0,1,1,0.5,0.667,0.5
111,"menopausal disorders",1,"ClinicalBERT-stopwords-nocode",1,2,1,0,1,1,0.5,0.667,0.5
111,"menopausal disorders",1,"SapBERT-base",1,2,1,1,1,0.5,0.5,0.5,0.333
111,"menopausal disorders",1,"mpnet-base",1,2,1,0,1,1,0.5,0.667,0.5
112,"female infertility",1,"ClinicalBERT-base",1,1,1,1,0,0.5,1,0.667,0.5
112,"female infertility",1,"ClinicalBERT-base-nocode",1,1,1,1,0,0.5,1,0.667,0.5
112,"female infertility",1,"ClinicalBERT-original",1,1,1,1,0,0.5,1,0.667,0.5
112,"female infertility",1,"ClinicalBERT-stopwords",1,1,1,1,0,0.5,1,0.667,0.5
112,"female infertility",1,"ClinicalBERT-stopwords-nocode",1,1,1,1,0,0.5,1,0.667,0.5
112,"female infertility",1,"SapBERT-base",1,1,1,2,0,0.333,1,0.5,0.333
112,"female infertility",1,"mpnet-base",1,1,1,1,0,0.5,1,0.667,0.5
113,"allergic reactions",1,"ClinicalBERT-base",1,2,0,1,2,0,0,0,0
113,"allergic reactions",1,"ClinicalBERT-base-nocode",1,2,0,1,2,0,0,0,0
113,"allergic reactions",1,"ClinicalBERT-original",1,2,0,1,2,0,0,0,0
113,"allergic reactions",1,"ClinicalBERT-stopwords",1,2,0,2,2,0,0,0,0
113,"allergic reactions",1,"ClinicalBERT-stopwords-nocode",1,2,0,1,2,0,0,0,0
113,"allergic reactions",1,"SapBERT-base",1,2,1,1,1,0.5,0.5,0.5,0.333
113,"allergic reactions",1,"mpnet-base",1,2,1,1,1,0.5,0.5,0.5,0.333
114,"other inflammatory condition of skin",3,"ClinicalBERT-base",3,23,3,1,20,0.75,0.13,0.222,0.125
114,"other inflammatory condition of skin",3,"ClinicalBERT-base-nocode",3,23,4,1,19,0.8,0.174,0.286,0.167
114,"other inflammatory condition of skin",3,"ClinicalBERT-original",3,23,3,1,20,0.75,0.13,0.222,0.125
114,"other inflammatory condition of skin",3,"ClinicalBERT-stopwords",3,23,4,1,19,0.8,0.174,0.286,0.167
114,"other inflammatory condition of skin",3,"ClinicalBERT-stopwords-nocode",3,23,4,1,19,0.8,0.174,0.286,0.167
114,"other inflammatory condition of skin",3,"SapBERT-base",3,23,5,0,18,1,0.217,0.357,0.217
114,"other inflammatory condition of skin",3,"mpnet-base",3,23,4,1,19,0.8,0.174,0.286,0.167
115,"other skin disorders",2,"ClinicalBERT-base",2,16,2,0,14,1,0.125,0.222,0.125
115,"other skin disorders",2,"ClinicalBERT-base-nocode",2,16,2,0,14,1,0.125,0.222,0.125
115,"other skin disorders",2,"ClinicalBERT-original",2,16,2,0,14,1,0.125,0.222,0.125
115,"other skin disorders",2,"ClinicalBERT-stopwords",2,16,3,0,13,1,0.188,0.316,0.188
115,"other skin disorders",2,"ClinicalBERT-stopwords-nocode",2,16,2,0,14,1,0.125,0.222,0.125
115,"other skin disorders",2,"SapBERT-base",2,16,2,1,14,0.667,0.125,0.211,0.118
115,"other skin disorders",2,"mpnet-base",2,16,3,0,13,1,0.188,0.316,0.188
116,"chronic ulcer of skin",1,"ClinicalBERT-base",1,3,1,1,2,0.5,0.333,0.4,0.25
116,"chronic ulcer of skin",1,"ClinicalBERT-base-nocode",1,3,1,1,2,0.5,0.333,0.4,0.25
116,"chronic ulcer of skin",1,"ClinicalBERT-original",1,3,1,1,2,0.5,0.333,0.4,0.25
116,"chronic ulcer of skin",1,"ClinicalBERT-stopwords",1,3,1,1,2,0.5,0.333,0.4,0.25
116,"chronic ulcer of skin",1,"ClinicalBERT-stopwords-nocode",1,3,1,1,2,0.5,0.333,0.4,0.25
116,"chronic ulcer of skin",1,"SapBERT-base",1,3,1,0,2,1,0.333,0.5,0.333
116,"chronic ulcer of skin",1,"mpnet-base",1,3,2,0,1,1,0.667,0.8,0.667
117,"systemic lupus erythematosus and connective tissue disorders",1,"ClinicalBERT-base",1,6,1,1,5,0.5,0.167,0.25,0.143
117,"systemic lupus erythematosus and connective tissue disorders",1,"ClinicalBERT-base-nocode",1,6,1,0,5,1,0.167,0.286,0.167
117,"systemic lupus erythematosus and connective tissue disorders",1,"ClinicalBERT-original",1,6,1,0,5,1,0.167,0.286,0.167
117,"systemic lupus erythematosus and connective tissue disorders",1,"ClinicalBERT-stopwords",1,6,2,0,4,1,0.333,0.5,0.333
117,"systemic lupus erythematosus and connective tissue disorders",1,"ClinicalBERT-stopwords-nocode",1,6,1,0,5,1,0.167,0.286,0.167
117,"systemic lupus erythematosus and connective tissue disorders",1,"SapBERT-base",1,6,2,0,4,1,0.333,0.5,0.333
117,"systemic lupus erythematosus and connective tissue disorders",1,"mpnet-base",1,6,2,0,4,1,0.333,0.5,0.333
118,"joint disorders",5,"ClinicalBERT-base",5,18,3,6,15,0.333,0.167,0.222,0.125
118,"joint disorders",5,"ClinicalBERT-base-nocode",5,18,3,6,15,0.333,0.167,0.222,0.125
118,"joint disorders",5,"ClinicalBERT-original",5,18,3,6,15,0.333,0.167,0.222,0.125
118,"joint disorders",5,"ClinicalBERT-stopwords",5,18,4,5,14,0.444,0.222,0.296,0.174
118,"joint disorders",5,"ClinicalBERT-stopwords-nocode",5,18,4,4,14,0.5,0.222,0.308,0.182
118,"joint disorders",5,"SapBERT-base",5,18,5,4,13,0.556,0.278,0.37,0.227
118,"joint disorders",5,"mpnet-base",5,18,4,5,14,0.444,0.222,0.296,0.174
119,"rheumatoid arthritis and related disease",1,"ClinicalBERT-base",1,5,1,1,4,0.5,0.2,0.286,0.167
119,"rheumatoid arthritis and related disease",1,"ClinicalBERT-base-nocode",1,5,1,1,4,0.5,0.2,0.286,0.167
119,"rheumatoid arthritis and related disease",1,"ClinicalBERT-original",1,5,1,1,4,0.5,0.2,0.286,0.167
119,"rheumatoid arthritis and related disease",1,"ClinicalBERT-stopwords",1,5,2,1,3,0.667,0.4,0.5,0.333
119,"rheumatoid arthritis and related disease",1,"ClinicalBERT-stopwords-nocode",1,5,1,1,4,0.5,0.2,0.286,0.167
119,"rheumatoid arthritis and related disease",1,"SapBERT-base",1,5,2,0,3,1,0.4,0.571,0.4
119,"rheumatoid arthritis and related disease",1,"mpnet-base",1,5,1,0,4,1,0.2,0.333,0.2
120,"osteoarthritis",1,"ClinicalBERT-base",1,6,1,1,5,0.5,0.167,0.25,0.143
120,"osteoarthritis",1,"ClinicalBERT-base-nocode",1,6,1,1,5,0.5,0.167,0.25,0.143
120,"osteoarthritis",1,"ClinicalBERT-original",1,6,1,1,5,0.5,0.167,0.25,0.143
120,"osteoarthritis",1,"ClinicalBERT-stopwords",1,6,1,1,5,0.5,0.167,0.25,0.143
120,"osteoarthritis",1,"ClinicalBERT-stopwords-nocode",1,6,1,3,5,0.25,0.167,0.2,0.111
120,"osteoarthritis",1,"SapBERT-base",1,6,1,1,5,0.5,0.167,0.25,0.143
120,"osteoarthritis",1,"mpnet-base",1,6,1,2,5,0.333,0.167,0.222,0.125
121,"spondylosis intervertebral disc disorders other back problems",3,"ClinicalBERT-base",3,10,3,3,7,0.5,0.3,0.375,0.231
121,"spondylosis intervertebral disc disorders other back problems",3,"ClinicalBERT-base-nocode",3,10,3,2,7,0.6,0.3,0.4,0.25
121,"spondylosis intervertebral disc disorders other back problems",3,"ClinicalBERT-original",3,10,3,3,7,0.5,0.3,0.375,0.231
121,"spondylosis intervertebral disc disorders other back problems",3,"ClinicalBERT-stopwords",3,10,3,2,7,0.6,0.3,0.4,0.25
121,"spondylosis intervertebral disc disorders other back problems",3,"ClinicalBERT-stopwords-nocode",3,10,5,1,5,0.833,0.5,0.625,0.455
121,"spondylosis intervertebral disc disorders other back problems",3,"SapBERT-base",3,10,6,1,4,0.857,0.6,0.706,0.545
121,"spondylosis intervertebral disc disorders other back problems",3,"mpnet-base",3,10,3,1,7,0.75,0.3,0.429,0.273
122,"infective arthritis and osteomyelitis",1,"ClinicalBERT-base",1,5,1,1,4,0.5,0.2,0.286,0.167
122,"infective arthritis and osteomyelitis",1,"ClinicalBERT-base-nocode",1,5,1,1,4,0.5,0.2,0.286,0.167
122,"infective arthritis and osteomyelitis",1,"ClinicalBERT-original",1,5,1,1,4,0.5,0.2,0.286,0.167
122,"infective arthritis and osteomyelitis",1,"ClinicalBERT-stopwords",1,5,1,1,4,0.5,0.2,0.286,0.167
122,"infective arthritis and osteomyelitis",1,"ClinicalBERT-stopwords-nocode",1,5,1,1,4,0.5,0.2,0.286,0.167
122,"infective arthritis and osteomyelitis",1,"SapBERT-base",1,5,1,0,4,1,0.2,0.333,0.2
122,"infective arthritis and osteomyelitis",1,"mpnet-base",1,5,1,0,4,1,0.2,0.333,0.2
123,"osteoporosis and other bone disease",3,"ClinicalBERT-base",3,20,3,2,17,0.6,0.15,0.24,0.136
123,"osteoporosis and other bone disease",3,"ClinicalBERT-base-nocode",3,20,4,3,16,0.571,0.2,0.296,0.174
123,"osteoporosis and other bone disease",3,"ClinicalBERT-original",3,20,3,2,17,0.6,0.15,0.24,0.136
123,"osteoporosis and other bone disease",3,"ClinicalBERT-stopwords",3,20,4,1,16,0.8,0.2,0.32,0.19
123,"osteoporosis and other bone disease",3,"ClinicalBERT-stopwords-nocode",3,20,5,0,15,1,0.25,0.4,0.25
123,"osteoporosis and other bone disease",3,"SapBERT-base",3,20,5,0,15,1,0.25,0.4,0.25
123,"osteoporosis and other bone disease",3,"mpnet-base",3,20,4,0,16,1,0.2,0.333,0.2
124,"acquired foot deformities",1,"ClinicalBERT-base",1,1,1,0,0,1,1,1,1
124,"acquired foot deformities",1,"ClinicalBERT-base-nocode",1,1,1,0,0,1,1,1,1
124,"acquired foot deformities",1,"ClinicalBERT-original",1,1,1,0,0,1,1,1,1
124,"acquired foot deformities",1,"ClinicalBERT-stopwords",1,1,1,1,0,0.5,1,0.667,0.5
124,"acquired foot deformities",1,"ClinicalBERT-stopwords-nocode",1,1,1,1,0,0.5,1,0.667,0.5
124,"acquired foot deformities",1,"SapBERT-base",1,1,1,0,0,1,1,1,1
124,"acquired foot deformities",1,"mpnet-base",1,1,1,1,0,0.5,1,0.667,0.5
125,"other acquired deformities",1,"ClinicalBERT-base",1,5,1,0,4,1,0.2,0.333,0.2
125,"other acquired deformities",1,"ClinicalBERT-base-nocode",1,5,1,0,4,1,0.2,0.333,0.2
125,"other acquired deformities",1,"ClinicalBERT-original",1,5,1,0,4,1,0.2,0.333,0.2
125,"other acquired deformities",1,"ClinicalBERT-stopwords",1,5,1,0,4,1,0.2,0.333,0.2
125,"other acquired deformities",1,"ClinicalBERT-stopwords-nocode",1,5,1,0,4,1,0.2,0.333,0.2
125,"other acquired deformities",1,"SapBERT-base",1,5,1,0,4,1,0.2,0.333,0.2
125,"other acquired deformities",1,"mpnet-base",1,5,1,0,4,1,0.2,0.333,0.2
126,"nervous system congenital anomalies",3,"ClinicalBERT-base",3,10,3,1,7,0.75,0.3,0.429,0.273
126,"nervous system congenital anomalies",3,"ClinicalBERT-base-nocode",3,10,4,0,6,1,0.4,0.571,0.4
126,"nervous system congenital anomalies",3,"ClinicalBERT-original",3,10,3,1,7,0.75,0.3,0.429,0.273
126,"nervous system congenital anomalies",3,"ClinicalBERT-stopwords",3,10,3,1,7,0.75,0.3,0.429,0.273
126,"nervous system congenital anomalies",3,"ClinicalBERT-stopwords-nocode",3,10,4,0,6,1,0.4,0.571,0.4
126,"nervous system congenital anomalies",3,"SapBERT-base",3,10,4,0,6,1,0.4,0.571,0.4
126,"nervous system congenital anomalies",3,"mpnet-base",3,10,4,0,6,1,0.4,0.571,0.4
127,"other congenital anomalies",10,"ClinicalBERT-base",10,56,11,6,45,0.647,0.196,0.301,0.177
127,"other congenital anomalies",10,"ClinicalBERT-base-nocode",10,56,11,6,45,0.647,0.196,0.301,0.177
127,"other congenital anomalies",10,"ClinicalBERT-original",10,56,11,6,45,0.647,0.196,0.301,0.177
127,"other congenital anomalies",10,"ClinicalBERT-stopwords",10,56,11,7,45,0.611,0.196,0.297,0.175
127,"other congenital anomalies",10,"ClinicalBERT-stopwords-nocode",10,56,16,2,40,0.889,0.286,0.432,0.276
127,"other congenital anomalies",10,"SapBERT-base",10,56,16,3,40,0.842,0.286,0.427,0.271
127,"other congenital anomalies",10,"mpnet-base",10,56,17,1,39,0.944,0.304,0.459,0.298
128,"cardiac and circulatory congenital anomalies",3,"ClinicalBERT-base",3,11,2,3,9,0.4,0.182,0.25,0.143
128,"cardiac and circulatory congenital anomalies",3,"ClinicalBERT-base-nocode",3,11,3,1,8,0.75,0.273,0.4,0.25
128,"cardiac and circulatory congenital anomalies",3,"ClinicalBERT-original",3,11,2,3,9,0.4,0.182,0.25,0.143
128,"cardiac and circulatory congenital anomalies",3,"ClinicalBERT-stopwords",3,11,2,3,9,0.4,0.182,0.25,0.143
128,"cardiac and circulatory congenital anomalies",3,"ClinicalBERT-stopwords-nocode",3,11,3,2,8,0.6,0.273,0.375,0.231
128,"cardiac and circulatory congenital anomalies",3,"SapBERT-base",3,11,3,2,8,0.6,0.273,0.375,0.231
128,"cardiac and circulatory congenital anomalies",3,"mpnet-base",3,11,4,1,7,0.8,0.364,0.5,0.333
129,"digestive congenital anomalies",2,"ClinicalBERT-base",2,8,2,1,6,0.667,0.25,0.364,0.222
129,"digestive congenital anomalies",2,"ClinicalBERT-base-nocode",2,8,3,0,5,1,0.375,0.545,0.375
129,"digestive congenital anomalies",2,"ClinicalBERT-original",2,8,2,1,6,0.667,0.25,0.364,0.222
129,"digestive congenital anomalies",2,"ClinicalBERT-stopwords",2,8,2,1,6,0.667,0.25,0.364,0.222
129,"digestive congenital anomalies",2,"ClinicalBERT-stopwords-nocode",2,8,3,0,5,1,0.375,0.545,0.375
129,"digestive congenital anomalies",2,"SapBERT-base",2,8,3,0,5,1,0.375,0.545,0.375
129,"digestive congenital anomalies",2,"mpnet-base",2,8,3,0,5,1,0.375,0.545,0.375
130,"genitourinary congenital anomalies",2,"ClinicalBERT-base",2,13,4,0,9,1,0.308,0.471,0.308
130,"genitourinary congenital anomalies",2,"ClinicalBERT-base-nocode",2,13,2,2,11,0.5,0.154,0.235,0.133
130,"genitourinary congenital anomalies",2,"ClinicalBERT-original",2,13,4,0,9,1,0.308,0.471,0.308
130,"genitourinary congenital anomalies",2,"ClinicalBERT-stopwords",2,13,4,0,9,1,0.308,0.471,0.308
130,"genitourinary congenital anomalies",2,"ClinicalBERT-stopwords-nocode",2,13,4,0,9,1,0.308,0.471,0.308
130,"genitourinary congenital anomalies",2,"SapBERT-base",2,13,3,0,10,1,0.231,0.375,0.231
130,"genitourinary congenital anomalies",2,"mpnet-base",2,13,4,0,9,1,0.308,0.471,0.308
