"icd9","best_target","max_similarity","track","track_label"
"140","C03",0.964519739151001,"10_9","ICD-9-CM to ICD-10-CA"
"141","C03",0.955077648162842,"10_9","ICD-9-CM to ICD-10-CA"
"142","D11",0.958851218223572,"10_9","ICD-9-CM to ICD-10-CA"
"143","C03",0.969846844673157,"10_9","ICD-9-CM to ICD-10-CA"
"144","C11",0.953240990638733,"10_9","ICD-9-CM to ICD-10-CA"
"145","C02",0.968128979206085,"10_9","ICD-9-CM to ICD-10-CA"
"146","C10",0.9663365483284,"10_9","ICD-9-CM to ICD-10-CA"
"147","C11",0.958122253417969,"10_9","ICD-9-CM to ICD-10-CA"
"148","C10",0.963282346725464,"10_9","ICD-9-CM to ICD-10-CA"
"149","C14",0.979322671890259,"10_9","ICD-9-CM to ICD-10-CA"
"150","C15",0.963127017021179,"10_9","ICD-9-CM to ICD-10-CA"
"151","C15",0.95169061422348,"10_9","ICD-9-CM to ICD-10-CA"
"152","C48",0.95578271150589,"10_9","ICD-9-CM to ICD-10-CA"
"153","C18",0.962300658226013,"10_9","ICD-9-CM to ICD-10-CA"
"154","C21",0.971751034259796,"10_9","ICD-9-CM to ICD-10-CA"
"155","C22",0.968801081180573,"10_9","ICD-9-CM to ICD-10-CA"
"156","C22",0.965036749839783,"10_9","ICD-9-CM to ICD-10-CA"
"157","C15",0.956211388111115,"10_9","ICD-9-CM to ICD-10-CA"
"158","C48",0.96278578042984,"10_9","ICD-9-CM to ICD-10-CA"
"159","C39",0.976009964942932,"10_9","ICD-9-CM to ICD-10-CA"
"160","C30",0.966423094272614,"10_9","ICD-9-CM to ICD-10-CA"
"161","C32",0.957926392555237,"10_9","ICD-9-CM to ICD-10-CA"
"162","C34",0.963577032089233,"10_9","ICD-9-CM to ICD-10-CA"
"163","C38",0.959469795227051,"10_9","ICD-9-CM to ICD-10-CA"
"164","D20",0.956881999969482,"10_9","ICD-9-CM to ICD-10-CA"
"165","C39",0.980860233306885,"10_9","ICD-9-CM to ICD-10-CA"
"170","C40",0.950049161911011,"10_9","ICD-9-CM to ICD-10-CA"
"171","C26",0.951668322086334,"10_9","ICD-9-CM to ICD-10-CA"
"172","C43",0.949058175086975,"10_9","ICD-9-CM to ICD-10-CA"
"174","C50",0.95501983165741,"10_9","ICD-9-CM to ICD-10-CA"
"175","C30",0.955200612545013,"10_9","ICD-9-CM to ICD-10-CA"
"176","L42",0.94071900844574,"10_9","ICD-9-CM to ICD-10-CA"
"179","C55",0.964417934417725,"10_9","ICD-9-CM to ICD-10-CA"
"180","C53",0.963475108146667,"10_9","ICD-9-CM to ICD-10-CA"
"181","C58",0.952837646007538,"10_9","ICD-9-CM to ICD-10-CA"
"182","D20",0.951672911643982,"10_9","ICD-9-CM to ICD-10-CA"
"183","D28",0.959559321403503,"10_9","ICD-9-CM to ICD-10-CA"
"184","D28",0.976764440536499,"10_9","ICD-9-CM to ICD-10-CA"
"185","C61",0.95406699180603,"10_9","ICD-9-CM to ICD-10-CA"
"186","C15",0.956331133842468,"10_9","ICD-9-CM to ICD-10-CA"
"187","C63",0.966632127761841,"10_9","ICD-9-CM to ICD-10-CA"
"188","C67",0.959618330001831,"10_9","ICD-9-CM to ICD-10-CA"
"189","C68",0.973281800746918,"10_9","ICD-9-CM to ICD-10-CA"
"190","C03",0.95858097076416,"10_9","ICD-9-CM to ICD-10-CA"
"191","C71",0.957566857337952,"10_9","ICD-9-CM to ICD-10-CA"
"192","C26",0.963189780712128,"10_9","ICD-9-CM to ICD-10-CA"
"193","D34",0.95871102809906,"10_9","ICD-9-CM to ICD-10-CA"
"194","C75",0.976535439491272,"10_9","ICD-9-CM to ICD-10-CA"
"195","C79",0.967718720436096,"10_9","ICD-9-CM to ICD-10-CA"
"196","C24",0.946273565292358,"10_9","ICD-9-CM to ICD-10-CA"
"197","D01",0.95139217376709,"10_9","ICD-9-CM to ICD-10-CA"
"198","C26",0.959409236907959,"10_9","ICD-9-CM to ICD-10-CA"
"199","C80",0.968501687049866,"10_9","ICD-9-CM to ICD-10-CA"
"200","C77",0.940367043018341,"10_9","ICD-9-CM to ICD-10-CA"
"201","B57",0.945030391216278,"10_9","ICD-9-CM to ICD-10-CA"
"202","C96",0.950545072555542,"10_9","ICD-9-CM to ICD-10-CA"
"203","C90",0.95597243309021,"10_9","ICD-9-CM to ICD-10-CA"
"204","C91",0.944490969181061,"10_9","ICD-9-CM to ICD-10-CA"
"205","C91",0.948610126972198,"10_9","ICD-9-CM to ICD-10-CA"
"206","C93",0.956309974193573,"10_9","ICD-9-CM to ICD-10-CA"
"207","L11",0.938525080680847,"10_9","ICD-9-CM to ICD-10-CA"
"208","C95",0.954645574092865,"10_9","ICD-9-CM to ICD-10-CA"
"209","A74",0.914650022983551,"10_9","ICD-9-CM to ICD-10-CA"
"225","D33",0.959958970546722,"10_9","ICD-9-CM to ICD-10-CA"
"230","D01",0.972137689590454,"10_9","ICD-9-CM to ICD-10-CA"
"231","D02",0.970470309257507,"10_9","ICD-9-CM to ICD-10-CA"
"233","D02",0.966154813766479,"10_9","ICD-9-CM to ICD-10-CA"
"234","D09",0.975278854370117,"10_9","ICD-9-CM to ICD-10-CA"
"237","D43",0.971126914024353,"10_9","ICD-9-CM to ICD-10-CA"
"238","C39",0.964551091194153,"10_9","ICD-9-CM to ICD-10-CA"
"239","D15",0.941640853881836,"10_9","ICD-9-CM to ICD-10-CA"
"240","K46",0.930517792701721,"10_9","ICD-9-CM to ICD-10-CA"
"241","B70",0.94567334651947,"10_9","ICD-9-CM to ICD-10-CA"
"242","J31",0.942043423652649,"10_9","ICD-9-CM to ICD-10-CA"
"243","D51",0.946608424186707,"10_9","ICD-9-CM to ICD-10-CA"
"244","A24",0.932080149650574,"10_9","ICD-9-CM to ICD-10-CA"
"245","E20",0.946132779121399,"10_9","ICD-9-CM to ICD-10-CA"
"246","N64",0.934887170791626,"10_9","ICD-9-CM to ICD-10-CA"
"249","O24",0.950699269771576,"10_9","ICD-9-CM to ICD-10-CA"
"250","E11",0.927894711494446,"10_9","ICD-9-CM to ICD-10-CA"
"251","N29",0.939086437225342,"10_9","ICD-9-CM to ICD-10-CA"
"252","N75",0.945043087005615,"10_9","ICD-9-CM to ICD-10-CA"
"253","Y53",0.937681496143341,"10_9","ICD-9-CM to ICD-10-CA"
"254","N75",0.953007221221924,"10_9","ICD-9-CM to ICD-10-CA"
"255","K55",0.943406105041504,"10_9","ICD-9-CM to ICD-10-CA"
"256","E28",0.928544282913208,"10_9","ICD-9-CM to ICD-10-CA"
"257","M47",0.931725263595581,"10_9","ICD-9-CM to ICD-10-CA"
"258","E75",0.935215473175049,"10_9","ICD-9-CM to ICD-10-CA"
"259","B71",0.898110330104828,"10_9","ICD-9-CM to ICD-10-CA"
"260","E40",0.925402641296387,"10_9","ICD-9-CM to ICD-10-CA"
"261","E41",0.929104685783386,"10_9","ICD-9-CM to ICD-10-CA"
"262","O25",0.901556551456451,"10_9","ICD-9-CM to ICD-10-CA"
"263","E46",0.897336542606354,"10_9","ICD-9-CM to ICD-10-CA"
"268","E54",0.913310706615448,"10_9","ICD-9-CM to ICD-10-CA"
"270","E70",0.910854160785675,"10_9","ICD-9-CM to ICD-10-CA"
"271","E72",0.865755796432495,"10_9","ICD-9-CM to ICD-10-CA"
"272","E75",0.947747766971588,"10_9","ICD-9-CM to ICD-10-CA"
"273","P71",0.870307922363281,"10_9","ICD-9-CM to ICD-10-CA"
"274","K25",0.896936178207397,"10_9","ICD-9-CM to ICD-10-CA"
"275","P71",0.926908016204834,"10_9","ICD-9-CM to ICD-10-CA"
"277","K93",0.915271759033203,"10_9","ICD-9-CM to ICD-10-CA"
"278","R34",0.924811482429504,"10_9","ICD-9-CM to ICD-10-CA"
"279","I99",0.905986785888672,"10_9","ICD-9-CM to ICD-10-CA"
"280","D51",0.956083655357361,"10_9","ICD-9-CM to ICD-10-CA"
"282","D58",0.924998462200165,"10_9","ICD-9-CM to ICD-10-CA"
"283","D58",0.936945915222168,"10_9","ICD-9-CM to ICD-10-CA"
"284","C94",0.915939927101135,"10_9","ICD-9-CM to ICD-10-CA"
"285","D58",0.941856265068054,"10_9","ICD-9-CM to ICD-10-CA"
"286","D68",0.938323676586151,"10_9","ICD-9-CM to ICD-10-CA"
"287","D69",0.951431691646576,"10_9","ICD-9-CM to ICD-10-CA"
"288","R71",0.875364065170288,"10_9","ICD-9-CM to ICD-10-CA"
"289","D75",0.920222222805023,"10_9","ICD-9-CM to ICD-10-CA"
"290","B74",0.940399646759033,"10_9","ICD-9-CM to ICD-10-CA"
"291","N95",0.891106963157654,"10_9","ICD-9-CM to ICD-10-CA"
"292","N03",0.899937808513641,"10_9","ICD-9-CM to ICD-10-CA"
"294","G94",0.931132674217224,"10_9","ICD-9-CM to ICD-10-CA"
"295","N95",0.948425531387329,"10_9","ICD-9-CM to ICD-10-CA"
"296","P78",0.929355263710022,"10_9","ICD-9-CM to ICD-10-CA"
"297","F92",0.92419958114624,"10_9","ICD-9-CM to ICD-10-CA"
"298","N95",0.905463457107544,"10_9","ICD-9-CM to ICD-10-CA"
"299","F84",0.927344918251038,"10_9","ICD-9-CM to ICD-10-CA"
"300","F61",0.942861616611481,"10_9","ICD-9-CM to ICD-10-CA"
"301","B74",0.934072077274323,"10_9","ICD-9-CM to ICD-10-CA"
"303","N34",0.943918526172638,"10_9","ICD-9-CM to ICD-10-CA"
"304","N18",0.923671841621399,"10_9","ICD-9-CM to ICD-10-CA"
"305","F55",0.943706393241882,"10_9","ICD-9-CM to ICD-10-CA"
"306","N25",0.938392400741577,"10_9","ICD-9-CM to ICD-10-CA"
"307","M25",0.929292142391205,"10_9","ICD-9-CM to ICD-10-CA"
"308","T73",0.900035262107849,"10_9","ICD-9-CM to ICD-10-CA"
"309","P92",0.878020048141479,"10_9","ICD-9-CM to ICD-10-CA"
"310","F53",0.937410056591034,"10_9","ICD-9-CM to ICD-10-CA"
"311","H93",0.945698261260986,"10_9","ICD-9-CM to ICD-10-CA"
"312","R57",0.913483262062073,"10_9","ICD-9-CM to ICD-10-CA"
"314","N32",0.916289329528809,"10_9","ICD-9-CM to ICD-10-CA"
"315","N31",0.888393998146057,"10_9","ICD-9-CM to ICD-10-CA"
"316","N08",0.945892691612244,"10_9","ICD-9-CM to ICD-10-CA"
"317","M82",0.921239852905273,"10_9","ICD-9-CM to ICD-10-CA"
"318","O92",0.913480997085571,"10_9","ICD-9-CM to ICD-10-CA"
"319","F09",0.867103695869446,"10_9","ICD-9-CM to ICD-10-CA"
"327","P78",0.914661169052124,"10_9","ICD-9-CM to ICD-10-CA"
"330","F93",0.932990789413452,"10_9","ICD-9-CM to ICD-10-CA"
"331","M71",0.910173416137695,"10_9","ICD-9-CM to ICD-10-CA"
"332","N73",0.908760845661163,"10_9","ICD-9-CM to ICD-10-CA"
"333","G31",0.936583876609802,"10_9","ICD-9-CM to ICD-10-CA"
"334","L73",0.930326282978058,"10_9","ICD-9-CM to ICD-10-CA"
"335","M72",0.953721761703491,"10_9","ICD-9-CM to ICD-10-CA"
"336","G95",0.935075342655182,"10_9","ICD-9-CM to ICD-10-CA"
"337","N95",0.908802688121796,"10_9","ICD-9-CM to ICD-10-CA"
"338","R52",0.892892777919769,"10_9","ICD-9-CM to ICD-10-CA"
"339","A69",0.915471792221069,"10_9","ICD-9-CM to ICD-10-CA"
"340","M34",0.947827935218811,"10_9","ICD-9-CM to ICD-10-CA"
"341","A74",0.90772807598114,"10_9","ICD-9-CM to ICD-10-CA"
"342","G82",0.950087070465088,"10_9","ICD-9-CM to ICD-10-CA"
"343","M83",0.913276135921478,"10_9","ICD-9-CM to ICD-10-CA"
"344","G83",0.91381311416626,"10_9","ICD-9-CM to ICD-10-CA"
"345","G45",0.938774228096008,"10_9","ICD-9-CM to ICD-10-CA"
"346","M06",0.902869820594788,"10_9","ICD-9-CM to ICD-10-CA"
"347","M87",0.912542045116425,"10_9","ICD-9-CM to ICD-10-CA"
"348","G93",0.917221307754517,"10_9","ICD-9-CM to ICD-10-CA"
"353","G54",0.957635998725891,"10_9","ICD-9-CM to ICD-10-CA"
"354","C95",0.929477989673615,"10_9","ICD-9-CM to ICD-10-CA"
"355","A49",0.950044572353363,"10_9","ICD-9-CM to ICD-10-CA"
"356","M82",0.928486824035645,"10_9","ICD-9-CM to ICD-10-CA"
"357","P78",0.913565397262573,"10_9","ICD-9-CM to ICD-10-CA"
"358","M11",0.931781351566315,"10_9","ICD-9-CM to ICD-10-CA"
"359","M93",0.919318735599518,"10_9","ICD-9-CM to ICD-10-CA"
"360","L87",0.891299962997437,"10_9","ICD-9-CM to ICD-10-CA"
"361","M71",0.910988330841064,"10_9","ICD-9-CM to ICD-10-CA"
"362","M71",0.930145025253296,"10_9","ICD-9-CM to ICD-10-CA"
"363","L91",0.920706868171692,"10_9","ICD-9-CM to ICD-10-CA"
"364","I78",0.922635972499847,"10_9","ICD-9-CM to ICD-10-CA"
"365","M86",0.940156280994415,"10_9","ICD-9-CM to ICD-10-CA"
"366","H25",0.924734115600586,"10_9","ICD-9-CM to ICD-10-CA"
"369","M82",0.928738951683044,"10_9","ICD-9-CM to ICD-10-CA"
"370","M33",0.945635914802551,"10_9","ICD-9-CM to ICD-10-CA"
"371","H02",0.92719042301178,"10_9","ICD-9-CM to ICD-10-CA"
"372","K08",0.879682183265686,"10_9","ICD-9-CM to ICD-10-CA"
"376","H05",0.906793713569641,"10_9","ICD-9-CM to ICD-10-CA"
"377","I77",0.920242726802826,"10_9","ICD-9-CM to ICD-10-CA"
"379","H61",0.945563435554504,"10_9","ICD-9-CM to ICD-10-CA"
"380","N47",0.909659206867218,"10_9","ICD-9-CM to ICD-10-CA"
"381","O92",0.925901591777802,"10_9","ICD-9-CM to ICD-10-CA"
"382","H66",0.933308005332947,"10_9","ICD-9-CM to ICD-10-CA"
"383","N95",0.920286059379578,"10_9","ICD-9-CM to ICD-10-CA"
"384","H73",0.938400268554688,"10_9","ICD-9-CM to ICD-10-CA"
"386","H58",0.930396318435669,"10_9","ICD-9-CM to ICD-10-CA"
"389","M82",0.918196380138397,"10_9","ICD-9-CM to ICD-10-CA"
"393","M86",0.916526198387146,"10_9","ICD-9-CM to ICD-10-CA"
"394","M22",0.86186146736145,"10_9","ICD-9-CM to ICD-10-CA"
"395","M22",0.894686877727509,"10_9","ICD-9-CM to ICD-10-CA"
"396","T82",0.860752940177917,"10_9","ICD-9-CM to ICD-10-CA"
"397","I77",0.87722259759903,"10_9","ICD-9-CM to ICD-10-CA"
"398","I09",0.909099102020264,"10_9","ICD-9-CM to ICD-10-CA"
"401","I12",0.952611565589905,"10_9","ICD-9-CM to ICD-10-CA"
"402","K21",0.889959454536438,"10_9","ICD-9-CM to ICD-10-CA"
"403","Q61",0.889687418937683,"10_9","ICD-9-CM to ICD-10-CA"
"404","A24",0.944660663604736,"10_9","ICD-9-CM to ICD-10-CA"
"405","I15",0.96587872505188,"10_9","ICD-9-CM to ICD-10-CA"
"410","I21",0.913542211055756,"10_9","ICD-9-CM to ICD-10-CA"
"411","A74",0.881905794143677,"10_9","ICD-9-CM to ICD-10-CA"
"412","I72",0.891392946243286,"10_9","ICD-9-CM to ICD-10-CA"
"413","I20",0.939041614532471,"10_9","ICD-9-CM to ICD-10-CA"
"414","A74",0.904816329479218,"10_9","ICD-9-CM to ICD-10-CA"
"415","I36",0.889591693878174,"10_9","ICD-9-CM to ICD-10-CA"
"416","M82",0.893689036369324,"10_9","ICD-9-CM to ICD-10-CA"
"417","K92",0.904875814914703,"10_9","ICD-9-CM to ICD-10-CA"
"423","J85",0.873292207717896,"10_9","ICD-9-CM to ICD-10-CA"
"424","A74",0.915673851966858,"10_9","ICD-9-CM to ICD-10-CA"
"425","I42",0.94237756729126,"10_9","ICD-9-CM to ICD-10-CA"
"426","F91",0.871433258056641,"10_9","ICD-9-CM to ICD-10-CA"
"427","N95",0.897163987159729,"10_9","ICD-9-CM to ICD-10-CA"
"428","Y95",0.894260764122009,"10_9","ICD-9-CM to ICD-10-CA"
"429","I51",0.876397132873535,"10_9","ICD-9-CM to ICD-10-CA"
"430","I60",0.940915822982788,"10_9","ICD-9-CM to ICD-10-CA"
"431","I61",0.93484365940094,"10_9","ICD-9-CM to ICD-10-CA"
"432","I61",0.931289911270142,"10_9","ICD-9-CM to ICD-10-CA"
"433","I71",0.914948523044586,"10_9","ICD-9-CM to ICD-10-CA"
"434","I71",0.911628127098083,"10_9","ICD-9-CM to ICD-10-CA"
"435","I66",0.90847110748291,"10_9","ICD-9-CM to ICD-10-CA"
"436","J03",0.909236311912537,"10_9","ICD-9-CM to ICD-10-CA"
"437","M82",0.915080428123474,"10_9","ICD-9-CM to ICD-10-CA"
"438","I69",0.913445353507996,"10_9","ICD-9-CM to ICD-10-CA"
"440","I70",0.942530870437622,"10_9","ICD-9-CM to ICD-10-CA"
"441","I71",0.931316375732422,"10_9","ICD-9-CM to ICD-10-CA"
"442","I72",0.909686207771301,"10_9","ICD-9-CM to ICD-10-CA"
"443","I73",0.917122364044189,"10_9","ICD-9-CM to ICD-10-CA"
"444","I74",0.923290729522705,"10_9","ICD-9-CM to ICD-10-CA"
"445","M66",0.852714657783508,"10_9","ICD-9-CM to ICD-10-CA"
"446","M30",0.955634534358978,"10_9","ICD-9-CM to ICD-10-CA"
"447","I77",0.935865879058838,"10_9","ICD-9-CM to ICD-10-CA"
"448","I78",0.920918226242065,"10_9","ICD-9-CM to ICD-10-CA"
"453","P54",0.899435043334961,"10_9","ICD-9-CM to ICD-10-CA"
"456","I86",0.928712725639343,"10_9","ICD-9-CM to ICD-10-CA"
"457","C94",0.922395348548889,"10_9","ICD-9-CM to ICD-10-CA"
"459","I99",0.929705262184143,"10_9","ICD-9-CM to ICD-10-CA"
"472","O92",0.909446358680725,"10_9","ICD-9-CM to ICD-10-CA"
"473","J32",0.934534549713135,"10_9","ICD-9-CM to ICD-10-CA"
"474","N95",0.941753745079041,"10_9","ICD-9-CM to ICD-10-CA"
"476","M82",0.916158676147461,"10_9","ICD-9-CM to ICD-10-CA"
"477","D58",0.910430669784546,"10_9","ICD-9-CM to ICD-10-CA"
"478","K92",0.922393023967743,"10_9","ICD-9-CM to ICD-10-CA"
"491","N03",0.920401096343994,"10_9","ICD-9-CM to ICD-10-CA"
"492","M87",0.897157311439514,"10_9","ICD-9-CM to ICD-10-CA"
"493","D52",0.929075241088867,"10_9","ICD-9-CM to ICD-10-CA"
"494","J47",0.931551516056061,"10_9","ICD-9-CM to ICD-10-CA"
"495","J61",0.938214480876923,"10_9","ICD-9-CM to ICD-10-CA"
"496","M96",0.930304527282715,"10_9","ICD-9-CM to ICD-10-CA"
"500","J61",0.906022906303406,"10_9","ICD-9-CM to ICD-10-CA"
"501","E20",0.947477698326111,"10_9","ICD-9-CM to ICD-10-CA"
"502","J63",0.95544159412384,"10_9","ICD-9-CM to ICD-10-CA"
"503","J63",0.962157249450684,"10_9","ICD-9-CM to ICD-10-CA"
"504","J61",0.95483535528183,"10_9","ICD-9-CM to ICD-10-CA"
"505","J63",0.903541207313538,"10_9","ICD-9-CM to ICD-10-CA"
"506","J68",0.942175388336182,"10_9","ICD-9-CM to ICD-10-CA"
"508","J68",0.941863298416138,"10_9","ICD-9-CM to ICD-10-CA"
"512","J93",0.90527617931366,"10_9","ICD-9-CM to ICD-10-CA"
"514","J91",0.900438666343689,"10_9","ICD-9-CM to ICD-10-CA"
"515","N72",0.932231903076172,"10_9","ICD-9-CM to ICD-10-CA"
"516","N88",0.932081758975983,"10_9","ICD-9-CM to ICD-10-CA"
"517","M73",0.945299506187439,"10_9","ICD-9-CM to ICD-10-CA"
"518","K92",0.918690264225006,"10_9","ICD-9-CM to ICD-10-CA"
"523","K05",0.93117618560791,"10_9","ICD-9-CM to ICD-10-CA"
"525","K08",0.891780138015747,"10_9","ICD-9-CM to ICD-10-CA"
"530","K22",0.919402599334717,"10_9","ICD-9-CM to ICD-10-CA"
"531","K25",0.940246105194092,"10_9","ICD-9-CM to ICD-10-CA"
"532","K28",0.91152036190033,"10_9","ICD-9-CM to ICD-10-CA"
"533","K27",0.934449672698975,"10_9","ICD-9-CM to ICD-10-CA"
"534","K28",0.924533128738403,"10_9","ICD-9-CM to ICD-10-CA"
"535","G08",0.930296421051025,"10_9","ICD-9-CM to ICD-10-CA"
"537","K92",0.924818158149719,"10_9","ICD-9-CM to ICD-10-CA"
"555","I85",0.912233471870422,"10_9","ICD-9-CM to ICD-10-CA"
"556","M06",0.935219526290894,"10_9","ICD-9-CM to ICD-10-CA"
"557","K57",0.922492742538452,"10_9","ICD-9-CM to ICD-10-CA"
"558","G08",0.933968365192413,"10_9","ICD-9-CM to ICD-10-CA"
"562","L05",0.91086220741272,"10_9","ICD-9-CM to ICD-10-CA"
"564","M25",0.942625939846039,"10_9","ICD-9-CM to ICD-10-CA"
"571","N95",0.909736812114716,"10_9","ICD-9-CM to ICD-10-CA"
"572","B91",0.912275314331055,"10_9","ICD-9-CM to ICD-10-CA"
"573","K76",0.919789016246796,"10_9","ICD-9-CM to ICD-10-CA"
"575","K82",0.926317930221558,"10_9","ICD-9-CM to ICD-10-CA"
"576","N32",0.929356515407562,"10_9","ICD-9-CM to ICD-10-CA"
"577","K57",0.903501152992249,"10_9","ICD-9-CM to ICD-10-CA"
"579","G91",0.929884672164917,"10_9","ICD-9-CM to ICD-10-CA"
"581","N04",0.939192473888397,"10_9","ICD-9-CM to ICD-10-CA"
"582","N03",0.917016565799713,"10_9","ICD-9-CM to ICD-10-CA"
"583","G03",0.926643967628479,"10_9","ICD-9-CM to ICD-10-CA"
"585","Y95",0.920320689678192,"10_9","ICD-9-CM to ICD-10-CA"
"586","N05",0.923986673355103,"10_9","ICD-9-CM to ICD-10-CA"
"587","E85",0.908204257488251,"10_9","ICD-9-CM to ICD-10-CA"
"588","N25",0.913323521614075,"10_9","ICD-9-CM to ICD-10-CA"
"590","T82",0.91010844707489,"10_9","ICD-9-CM to ICD-10-CA"
"595","N30",0.943088293075562,"10_9","ICD-9-CM to ICD-10-CA"
"596","N32",0.957489907741547,"10_9","ICD-9-CM to ICD-10-CA"
"599","N39",0.934216260910034,"10_9","ICD-9-CM to ICD-10-CA"
"600","N40",0.966360688209534,"10_9","ICD-9-CM to ICD-10-CA"
"601","N73",0.922353386878967,"10_9","ICD-9-CM to ICD-10-CA"
"607","K57",0.900472283363342,"10_9","ICD-9-CM to ICD-10-CA"
"610","N60",0.929432332515717,"10_9","ICD-9-CM to ICD-10-CA"
"614","N72",0.938941955566406,"10_9","ICD-9-CM to ICD-10-CA"
"615","N71",0.954890489578247,"10_9","ICD-9-CM to ICD-10-CA"
"617","K21",0.927318155765533,"10_9","ICD-9-CM to ICD-10-CA"
"618","N81",0.935697078704834,"10_9","ICD-9-CM to ICD-10-CA"
"619","N82",0.949432015419006,"10_9","ICD-9-CM to ICD-10-CA"
"621","K91",0.935675740242004,"10_9","ICD-9-CM to ICD-10-CA"
"625","N94",0.965426325798035,"10_9","ICD-9-CM to ICD-10-CA"
"626","N94",0.930236995220184,"10_9","ICD-9-CM to ICD-10-CA"
"627","N95",0.940438270568848,"10_9","ICD-9-CM to ICD-10-CA"
"628","N97",0.973078846931458,"10_9","ICD-9-CM to ICD-10-CA"
"629","N50",0.946696639060974,"10_9","ICD-9-CM to ICD-10-CA"
"691","M30",0.921959578990936,"10_9","ICD-9-CM to ICD-10-CA"
"694","L92",0.919656336307526,"10_9","ICD-9-CM to ICD-10-CA"
"695","L51",0.936888933181763,"10_9","ICD-9-CM to ICD-10-CA"
"696","N95",0.93680202960968,"10_9","ICD-9-CM to ICD-10-CA"
"701","L91",0.910603165626526,"10_9","ICD-9-CM to ICD-10-CA"
"705","M82",0.914215326309204,"10_9","ICD-9-CM to ICD-10-CA"
"707","L91",0.915693819522858,"10_9","ICD-9-CM to ICD-10-CA"
"710","L92",0.9136101603508,"10_9","ICD-9-CM to ICD-10-CA"
"712","M11",0.948808312416077,"10_9","ICD-9-CM to ICD-10-CA"
"713","M14",0.960417509078979,"10_9","ICD-9-CM to ICD-10-CA"
"714","M07",0.946358203887939,"10_9","ICD-9-CM to ICD-10-CA"
"715","M82",0.927381932735443,"10_9","ICD-9-CM to ICD-10-CA"
"716","M07",0.935321033000946,"10_9","ICD-9-CM to ICD-10-CA"
"717","M23",0.906229019165039,"10_9","ICD-9-CM to ICD-10-CA"
"718","M89",0.926735281944275,"10_9","ICD-9-CM to ICD-10-CA"
"719","M14",0.924689888954163,"10_9","ICD-9-CM to ICD-10-CA"
"720","K74",0.943766355514526,"10_9","ICD-9-CM to ICD-10-CA"
"721","M82",0.938556671142578,"10_9","ICD-9-CM to ICD-10-CA"
"722","M50",0.935712575912476,"10_9","ICD-9-CM to ICD-10-CA"
"730","M07",0.920332193374634,"10_9","ICD-9-CM to ICD-10-CA"
"731","M03",0.948156833648682,"10_9","ICD-9-CM to ICD-10-CA"
"732","M93",0.938547194004059,"10_9","ICD-9-CM to ICD-10-CA"
"733","M67",0.916028022766113,"10_9","ICD-9-CM to ICD-10-CA"
"735","M20",0.936516046524048,"10_9","ICD-9-CM to ICD-10-CA"
"737","S82",0.890048384666443,"10_9","ICD-9-CM to ICD-10-CA"
"740","Q00",0.925168573856354,"10_9","ICD-9-CM to ICD-10-CA"
"741","M81",0.923325955867767,"10_9","ICD-9-CM to ICD-10-CA"
"742","Q27",0.912357747554779,"10_9","ICD-9-CM to ICD-10-CA"
"743","Q14",0.919361114501953,"10_9","ICD-9-CM to ICD-10-CA"
"744","Q18",0.92847204208374,"10_9","ICD-9-CM to ICD-10-CA"
"745","T83",0.915314078330994,"10_9","ICD-9-CM to ICD-10-CA"
"746","Q25",0.90013325214386,"10_9","ICD-9-CM to ICD-10-CA"
"747","Q27",0.919773459434509,"10_9","ICD-9-CM to ICD-10-CA"
"748","Q32",0.902789235115051,"10_9","ICD-9-CM to ICD-10-CA"
"749","H71",0.911868810653687,"10_9","ICD-9-CM to ICD-10-CA"
"750","Q38",0.942128419876099,"10_9","ICD-9-CM to ICD-10-CA"
"751","Q27",0.916117668151855,"10_9","ICD-9-CM to ICD-10-CA"
"752","Q50",0.918921530246735,"10_9","ICD-9-CM to ICD-10-CA"
"753","Q64",0.907073378562927,"10_9","ICD-9-CM to ICD-10-CA"
"754","Q32",0.907040953636169,"10_9","ICD-9-CM to ICD-10-CA"
"755","Q27",0.90999847650528,"10_9","ICD-9-CM to ICD-10-CA"
"756","Q27",0.914367973804474,"10_9","ICD-9-CM to ICD-10-CA"
"757","Q50",0.919853568077087,"10_9","ICD-9-CM to ICD-10-CA"
"758","M11",0.910228908061981,"10_9","ICD-9-CM to ICD-10-CA"
"759","Q25",0.914023458957672,"10_9","ICD-9-CM to ICD-10-CA"
"140","140",1.00000047683716,"8_9","ICD-9-CM to ICDA-8"
"141","141",0.999999523162842,"8_9","ICD-9-CM to ICDA-8"
"142","142",0.991714060306549,"8_9","ICD-9-CM to ICDA-8"
"143","143",1,"8_9","ICD-9-CM to ICDA-8"
"144","144",0.999999940395355,"8_9","ICD-9-CM to ICDA-8"
"145","145",1.00000035762787,"8_9","ICD-9-CM to ICDA-8"
"146","146",1,"8_9","ICD-9-CM to ICDA-8"
"147","147",0.999999642372131,"8_9","ICD-9-CM to ICDA-8"
"148","148",0.999999701976776,"8_9","ICD-9-CM to ICDA-8"
"149","210",0.967802166938782,"8_9","ICD-9-CM to ICDA-8"
"150","150",0.99999988079071,"8_9","ICD-9-CM to ICDA-8"
"151","151",0.999999940395355,"8_9","ICD-9-CM to ICDA-8"
"152","152",1.00000047683716,"8_9","ICD-9-CM to ICDA-8"
"153","188",0.984131872653961,"8_9","ICD-9-CM to ICDA-8"
"154","154",0.984469056129456,"8_9","ICD-9-CM to ICDA-8"
"155","156",0.995170116424561,"8_9","ICD-9-CM to ICDA-8"
"156","156",0.997358798980713,"8_9","ICD-9-CM to ICDA-8"
"157","157",1,"8_9","ICD-9-CM to ICDA-8"
"158","158",0.989448547363281,"8_9","ICD-9-CM to ICDA-8"
"159","195",0.971443057060242,"8_9","ICD-9-CM to ICDA-8"
"160","160",0.995028555393219,"8_9","ICD-9-CM to ICDA-8"
"161","161",1.00000023841858,"8_9","ICD-9-CM to ICDA-8"
"162","162",0.999999761581421,"8_9","ICD-9-CM to ICDA-8"
"163","162",0.97740650177002,"8_9","ICD-9-CM to ICDA-8"
"164","142",0.984669029712677,"8_9","ICD-9-CM to ICDA-8"
"165","195",0.971437931060791,"8_9","ICD-9-CM to ICDA-8"
"170","158",0.980976462364197,"8_9","ICD-9-CM to ICDA-8"
"171","171",1,"8_9","ICD-9-CM to ICDA-8"
"172","172",0.999999940395355,"8_9","ICD-9-CM to ICDA-8"
"174","174",0.989571690559387,"8_9","ICD-9-CM to ICDA-8"
"175","174",0.984102725982666,"8_9","ICD-9-CM to ICDA-8"
"176","218",0.955245673656464,"8_9","ICD-9-CM to ICDA-8"
"179","149",0.98033618927002,"8_9","ICD-9-CM to ICDA-8"
"180","180",1,"8_9","ICD-9-CM to ICDA-8"
"181","151",0.978301346302032,"8_9","ICD-9-CM to ICDA-8"
"182","157",0.981665134429932,"8_9","ICD-9-CM to ICDA-8"
"183","180",0.982619404792786,"8_9","ICD-9-CM to ICDA-8"
"184","184",0.999999284744263,"8_9","ICD-9-CM to ICDA-8"
"185","185",0.999999761581421,"8_9","ICD-9-CM to ICDA-8"
"186","186",0.999999821186066,"8_9","ICD-9-CM to ICDA-8"
"187","187",0.989160716533661,"8_9","ICD-9-CM to ICDA-8"
"188","188",0.999999940395355,"8_9","ICD-9-CM to ICDA-8"
"189","189",0.99503880739212,"8_9","ICD-9-CM to ICDA-8"
"190","190",1.00000023841858,"8_9","ICD-9-CM to ICDA-8"
"191","191",0.999999701976776,"8_9","ICD-9-CM to ICDA-8"
"192","192",0.988135159015656,"8_9","ICD-9-CM to ICDA-8"
"193","193",0.999999523162842,"8_9","ICD-9-CM to ICDA-8"
"194","184",0.976092994213104,"8_9","ICD-9-CM to ICDA-8"
"195","195",0.991260826587677,"8_9","ICD-9-CM to ICDA-8"
"196","196",1,"8_9","ICD-9-CM to ICDA-8"
"197","197",0.99999988079071,"8_9","ICD-9-CM to ICDA-8"
"198","195",0.976198554039001,"8_9","ICD-9-CM to ICDA-8"
"199","199",1.00000011920929,"8_9","ICD-9-CM to ICDA-8"
"200","187",0.951778888702393,"8_9","ICD-9-CM to ICDA-8"
"201","201",0.99999988079071,"8_9","ICD-9-CM to ICDA-8"
"202","202",0.962468147277832,"8_9","ICD-9-CM to ICDA-8"
"203","200",0.944443106651306,"8_9","ICD-9-CM to ICDA-8"
"204","205",0.982697725296021,"8_9","ICD-9-CM to ICDA-8"
"205","205",0.99999988079071,"8_9","ICD-9-CM to ICDA-8"
"206","206",1,"8_9","ICD-9-CM to ICDA-8"
"207","099",0.951538383960724,"8_9","ICD-9-CM to ICDA-8"
"208","206",0.944183945655823,"8_9","ICD-9-CM to ICDA-8"
"209","621",0.935233414173126,"8_9","ICD-9-CM to ICDA-8"
"225","223",0.980991899967194,"8_9","ICD-9-CM to ICDA-8"
"230","189",0.96284681558609,"8_9","ICD-9-CM to ICDA-8"
"231","212",0.950681865215302,"8_9","ICD-9-CM to ICDA-8"
"233","184",0.961714863777161,"8_9","ICD-9-CM to ICDA-8"
"234","195",0.965905547142029,"8_9","ICD-9-CM to ICDA-8"
"237","238",0.983968257904053,"8_9","ICD-9-CM to ICDA-8"
"238","237",0.977392554283142,"8_9","ICD-9-CM to ICDA-8"
"239","239",0.957262992858887,"8_9","ICD-9-CM to ICDA-8"
"240","241",0.944318652153015,"8_9","ICD-9-CM to ICDA-8"
"241","241",1.00000035762787,"8_9","ICD-9-CM to ICDA-8"
"242","242",1.00000059604645,"8_9","ICD-9-CM to ICDA-8"
"243","090",0.972293615341187,"8_9","ICD-9-CM to ICDA-8"
"244","281",0.92991304397583,"8_9","ICD-9-CM to ICDA-8"
"245","245",1,"8_9","ICD-9-CM to ICDA-8"
"246","246",0.968339860439301,"8_9","ICD-9-CM to ICDA-8"
"249","250",0.963542938232422,"8_9","ICD-9-CM to ICDA-8"
"250","250",0.999999821186066,"8_9","ICD-9-CM to ICDA-8"
"251","251",0.938354313373566,"8_9","ICD-9-CM to ICDA-8"
"252","252",0.988050758838654,"8_9","ICD-9-CM to ICDA-8"
"253","236",0.910999178886414,"8_9","ICD-9-CM to ICDA-8"
"254","254",0.99999988079071,"8_9","ICD-9-CM to ICDA-8"
"255","253",0.967451155185699,"8_9","ICD-9-CM to ICDA-8"
"256","256",0.99999988079071,"8_9","ICD-9-CM to ICDA-8"
"257","257",0.999999940395355,"8_9","ICD-9-CM to ICDA-8"
"258","258",0.958253026008606,"8_9","ICD-9-CM to ICDA-8"
"259","117",0.927595019340515,"8_9","ICD-9-CM to ICDA-8"
"260","362",0.908693432807922,"8_9","ICD-9-CM to ICDA-8"
"261","268",0.909400105476379,"8_9","ICD-9-CM to ICDA-8"
"262","267",0.88527512550354,"8_9","ICD-9-CM to ICDA-8"
"263","267",0.954022526741028,"8_9","ICD-9-CM to ICDA-8"
"268","263",0.972010791301727,"8_9","ICD-9-CM to ICDA-8"
"270","520",0.907434225082397,"8_9","ICD-9-CM to ICDA-8"
"271","279",0.889932155609131,"8_9","ICD-9-CM to ICDA-8"
"272","272",0.950111448764801,"8_9","ICD-9-CM to ICDA-8"
"273","279",0.903968691825867,"8_9","ICD-9-CM to ICDA-8"
"274","274",1,"8_9","ICD-9-CM to ICDA-8"
"275","520",0.930873155593872,"8_9","ICD-9-CM to ICDA-8"
"277","279",0.962198972702026,"8_9","ICD-9-CM to ICDA-8"
"278","258",0.934124648571014,"8_9","ICD-9-CM to ICDA-8"
"279","279",0.933466672897339,"8_9","ICD-9-CM to ICDA-8"
"280","280",0.999999761581421,"8_9","ICD-9-CM to ICDA-8"
"282","282",1.00000011920929,"8_9","ICD-9-CM to ICDA-8"
"283","283",1.00000011920929,"8_9","ICD-9-CM to ICDA-8"
"284","283",0.962045192718506,"8_9","ICD-9-CM to ICDA-8"
"285","285",1.00000011920929,"8_9","ICD-9-CM to ICDA-8"
"286","286",1.00000011920929,"8_9","ICD-9-CM to ICDA-8"
"287","287",1.00000011920929,"8_9","ICD-9-CM to ICDA-8"
"288","448",0.864528596401215,"8_9","ICD-9-CM to ICDA-8"
"289","289",1.00000047683716,"8_9","ICD-9-CM to ICDA-8"
"290","295",0.95747447013855,"8_9","ICD-9-CM to ICDA-8"
"291","291",0.950764894485474,"8_9","ICD-9-CM to ICDA-8"
"292","582",0.947434544563293,"8_9","ICD-9-CM to ICDA-8"
"294","294",0.954782366752625,"8_9","ICD-9-CM to ICDA-8"
"295","295",0.960331082344055,"8_9","ICD-9-CM to ICDA-8"
"296","291",0.954163491725922,"8_9","ICD-9-CM to ICDA-8"
"297","293",0.941386461257935,"8_9","ICD-9-CM to ICDA-8"
"298","298",0.972586691379547,"8_9","ICD-9-CM to ICDA-8"
"299","523",0.955494165420532,"8_9","ICD-9-CM to ICDA-8"
"300","126",0.937872052192688,"8_9","ICD-9-CM to ICDA-8"
"301","301",0.999999761581421,"8_9","ICD-9-CM to ICDA-8"
"303","303",0.965497314929962,"8_9","ICD-9-CM to ICDA-8"
"304","304",0.999999940395355,"8_9","ICD-9-CM to ICDA-8"
"305","308",0.912902593612671,"8_9","ICD-9-CM to ICDA-8"
"306","066",0.921864748001099,"8_9","ICD-9-CM to ICDA-8"
"307","306",0.963846385478973,"8_9","ICD-9-CM to ICDA-8"
"308","307",0.917142510414124,"8_9","ICD-9-CM to ICDA-8"
"309","268",0.871468186378479,"8_9","ICD-9-CM to ICDA-8"
"310","290",0.925294399261475,"8_9","ICD-9-CM to ICDA-8"
"311","290",0.932003855705261,"8_9","ICD-9-CM to ICDA-8"
"312","306",0.89536315202713,"8_9","ICD-9-CM to ICDA-8"
"314","774",0.948261737823486,"8_9","ICD-9-CM to ICDA-8"
"315","066",0.883098185062408,"8_9","ICD-9-CM to ICDA-8"
"316","305",0.937754094600677,"8_9","ICD-9-CM to ICDA-8"
"317","379",0.933587908744812,"8_9","ICD-9-CM to ICDA-8"
"318","378",0.913373172283173,"8_9","ICD-9-CM to ICDA-8"
"319","486",0.901230573654175,"8_9","ICD-9-CM to ICDA-8"
"327","717",0.91652125120163,"8_9","ICD-9-CM to ICDA-8"
"330","095",0.92071795463562,"8_9","ICD-9-CM to ICDA-8"
"331","344",0.949138045310974,"8_9","ICD-9-CM to ICDA-8"
"332","403",0.962350010871887,"8_9","ICD-9-CM to ICDA-8"
"333","360",0.945328116416931,"8_9","ICD-9-CM to ICDA-8"
"334","348",0.967731356620789,"8_9","ICD-9-CM to ICDA-8"
"335","365",0.965267896652222,"8_9","ICD-9-CM to ICDA-8"
"336","349",0.991613507270813,"8_9","ICD-9-CM to ICDA-8"
"337","331",0.966467797756195,"8_9","ICD-9-CM to ICDA-8"
"338","490",0.907080829143524,"8_9","ICD-9-CM to ICDA-8"
"339","387",0.937855362892151,"8_9","ICD-9-CM to ICDA-8"
"340","340",1.00000011920929,"8_9","ICD-9-CM to ICDA-8"
"341","341",0.999999701976776,"8_9","ICD-9-CM to ICDA-8"
"342","844",0.928580582141876,"8_9","ICD-9-CM to ICDA-8"
"343","742",0.945981919765472,"8_9","ICD-9-CM to ICDA-8"
"344","542",0.931794762611389,"8_9","ICD-9-CM to ICDA-8"
"345","360",0.935349941253662,"8_9","ICD-9-CM to ICDA-8"
"346","346",1.00000011920929,"8_9","ICD-9-CM to ICDA-8"
"347","352",0.940922260284424,"8_9","ICD-9-CM to ICDA-8"
"348","347",0.962850987911224,"8_9","ICD-9-CM to ICDA-8"
"353","724",0.915304720401764,"8_9","ICD-9-CM to ICDA-8"
"354","354",0.955847442150116,"8_9","ICD-9-CM to ICDA-8"
"355","465",0.963151693344116,"8_9","ICD-9-CM to ICDA-8"
"356","354",0.95908534526825,"8_9","ICD-9-CM to ICDA-8"
"357","348",0.945697605609894,"8_9","ICD-9-CM to ICDA-8"
"358","523",0.95371425151825,"8_9","ICD-9-CM to ICDA-8"
"359","733",0.942283868789673,"8_9","ICD-9-CM to ICDA-8"
"360","605",0.894390821456909,"8_9","ICD-9-CM to ICDA-8"
"361","377",0.928136587142944,"8_9","ICD-9-CM to ICDA-8"
"362","378",0.948194742202759,"8_9","ICD-9-CM to ICDA-8"
"363","368",0.939459204673767,"8_9","ICD-9-CM to ICDA-8"
"364","448",0.934082984924316,"8_9","ICD-9-CM to ICDA-8"
"365","375",0.986580312252045,"8_9","ICD-9-CM to ICDA-8"
"366","374",0.986381649971008,"8_9","ICD-9-CM to ICDA-8"
"369","379",0.954410433769226,"8_9","ICD-9-CM to ICDA-8"
"370","363",0.972759425640106,"8_9","ICD-9-CM to ICDA-8"
"371","371",0.938219606876373,"8_9","ICD-9-CM to ICDA-8"
"372","521",0.903069734573364,"8_9","ICD-9-CM to ICDA-8"
"376","724",0.903428018093109,"8_9","ICD-9-CM to ICDA-8"
"377","377",0.938051998615265,"8_9","ICD-9-CM to ICDA-8"
"379","378",0.978431880474091,"8_9","ICD-9-CM to ICDA-8"
"380","605",0.921401083469391,"8_9","ICD-9-CM to ICDA-8"
"381","613",0.959950387477875,"8_9","ICD-9-CM to ICDA-8"
"382","612",0.938577830791473,"8_9","ICD-9-CM to ICDA-8"
"383","678",0.961651861667633,"8_9","ICD-9-CM to ICDA-8"
"384","384",0.927350878715515,"8_9","ICD-9-CM to ICDA-8"
"386","446",0.948326468467712,"8_9","ICD-9-CM to ICDA-8"
"389","389",0.958742916584015,"8_9","ICD-9-CM to ICDA-8"
"393","352",0.960272550582886,"8_9","ICD-9-CM to ICDA-8"
"394","394",0.999999821186066,"8_9","ICD-9-CM to ICDA-8"
"395","395",1.00000023841858,"8_9","ICD-9-CM to ICDA-8"
"396","396",1,"8_9","ICD-9-CM to ICDA-8"
"397","397",0.999999701976776,"8_9","ICD-9-CM to ICDA-8"
"398","428",0.960536241531372,"8_9","ICD-9-CM to ICDA-8"
"401","401",0.973357915878296,"8_9","ICD-9-CM to ICDA-8"
"402","402",1.00000023841858,"8_9","ICD-9-CM to ICDA-8"
"403","403",0.984874963760376,"8_9","ICD-9-CM to ICDA-8"
"404","404",0.992040038108826,"8_9","ICD-9-CM to ICDA-8"
"405","401",0.948640823364258,"8_9","ICD-9-CM to ICDA-8"
"410","410",0.999999701976776,"8_9","ICD-9-CM to ICDA-8"
"411","411",1.00000035762787,"8_9","ICD-9-CM to ICDA-8"
"412","412",0.940182745456696,"8_9","ICD-9-CM to ICDA-8"
"413","413",0.999999761581421,"8_9","ICD-9-CM to ICDA-8"
"414","411",0.96076375246048,"8_9","ICD-9-CM to ICDA-8"
"415","410",0.945162713527679,"8_9","ICD-9-CM to ICDA-8"
"416","426",0.972263216972351,"8_9","ICD-9-CM to ICDA-8"
"417","447",0.960297048091888,"8_9","ICD-9-CM to ICDA-8"
"423","393",0.928849935531616,"8_9","ICD-9-CM to ICDA-8"
"424","349",0.958120822906494,"8_9","ICD-9-CM to ICDA-8"
"425","425",1.00000023841858,"8_9","ICD-9-CM to ICDA-8"
"426","388",0.889033079147339,"8_9","ICD-9-CM to ICDA-8"
"427","427",0.939658939838409,"8_9","ICD-9-CM to ICDA-8"
"428","422",0.957811117172241,"8_9","ICD-9-CM to ICDA-8"
"429","438",0.906352698802948,"8_9","ICD-9-CM to ICDA-8"
"430","430",1.00000035762787,"8_9","ICD-9-CM to ICDA-8"
"431","431",0.979467332363129,"8_9","ICD-9-CM to ICDA-8"
"432","853",0.954850792884827,"8_9","ICD-9-CM to ICDA-8"
"433","432",0.982438564300537,"8_9","ICD-9-CM to ICDA-8"
"434","432",0.984735369682312,"8_9","ICD-9-CM to ICDA-8"
"435","435",0.999999940395355,"8_9","ICD-9-CM to ICDA-8"
"436","436",1.00000047683716,"8_9","ICD-9-CM to ICDA-8"
"437","438",0.995311915874481,"8_9","ICD-9-CM to ICDA-8"
"438","438",0.953877568244934,"8_9","ICD-9-CM to ICDA-8"
"440","440",0.977879881858826,"8_9","ICD-9-CM to ICDA-8"
"441","441",0.937248110771179,"8_9","ICD-9-CM to ICDA-8"
"442","442",0.999999701976776,"8_9","ICD-9-CM to ICDA-8"
"443","443",0.999999940395355,"8_9","ICD-9-CM to ICDA-8"
"444","444",0.99999988079071,"8_9","ICD-9-CM to ICDA-8"
"445","444",0.913776755332947,"8_9","ICD-9-CM to ICDA-8"
"446","446",0.999999821186066,"8_9","ICD-9-CM to ICDA-8"
"447","447",0.980908155441284,"8_9","ICD-9-CM to ICDA-8"
"448","448",0.976581752300262,"8_9","ICD-9-CM to ICDA-8"
"453","453",1.00000011920929,"8_9","ICD-9-CM to ICDA-8"
"456","456",1,"8_9","ICD-9-CM to ICDA-8"
"457","457",0.963718771934509,"8_9","ICD-9-CM to ICDA-8"
"459","458",0.973615765571594,"8_9","ICD-9-CM to ICDA-8"
"472","502",0.98306941986084,"8_9","ICD-9-CM to ICDA-8"
"473","503",0.984167158603668,"8_9","ICD-9-CM to ICDA-8"
"474","446",0.963029265403748,"8_9","ICD-9-CM to ICDA-8"
"476","464",0.967001616954803,"8_9","ICD-9-CM to ICDA-8"
"477","718",0.947342276573181,"8_9","ICD-9-CM to ICDA-8"
"478","508",0.985660672187805,"8_9","ICD-9-CM to ICDA-8"
"491","491",0.999999821186066,"8_9","ICD-9-CM to ICDA-8"
"492","492",1.00000035762787,"8_9","ICD-9-CM to ICDA-8"
"493","493",0.99999988079071,"8_9","ICD-9-CM to ICDA-8"
"494","518",0.992133855819702,"8_9","ICD-9-CM to ICDA-8"
"495","092",0.944386720657349,"8_9","ICD-9-CM to ICDA-8"
"496","584",0.93669992685318,"8_9","ICD-9-CM to ICDA-8"
"500","604",0.914652466773987,"8_9","ICD-9-CM to ICDA-8"
"501","133",0.965838730335236,"8_9","ICD-9-CM to ICDA-8"
"502","515",0.98879337310791,"8_9","ICD-9-CM to ICDA-8"
"503","515",0.966989994049072,"8_9","ICD-9-CM to ICDA-8"
"504","515",0.95085346698761,"8_9","ICD-9-CM to ICDA-8"
"505","485",0.949452340602875,"8_9","ICD-9-CM to ICDA-8"
"506","515",0.903706312179565,"8_9","ICD-9-CM to ICDA-8"
"508","515",0.93231326341629,"8_9","ICD-9-CM to ICDA-8"
"512","512",0.955629229545593,"8_9","ICD-9-CM to ICDA-8"
"514","514",1,"8_9","ICD-9-CM to ICDA-8"
"515","354",0.951891005039215,"8_9","ICD-9-CM to ICDA-8"
"516","517",0.961207330226898,"8_9","ICD-9-CM to ICDA-8"
"517","776",0.917161107063293,"8_9","ICD-9-CM to ICDA-8"
"518","573",0.973661243915558,"8_9","ICD-9-CM to ICDA-8"
"523","523",0.973387539386749,"8_9","ICD-9-CM to ICDA-8"
"525","525",1,"8_9","ICD-9-CM to ICDA-8"
"530","530",0.995155036449432,"8_9","ICD-9-CM to ICDA-8"
"531","534",0.968875288963318,"8_9","ICD-9-CM to ICDA-8"
"532","534",0.978644967079163,"8_9","ICD-9-CM to ICDA-8"
"533","533",0.999999463558197,"8_9","ICD-9-CM to ICDA-8"
"534","534",0.999999642372131,"8_9","ICD-9-CM to ICDA-8"
"535","535",1.00000023841858,"8_9","ICD-9-CM to ICDA-8"
"537","537",0.99999988079071,"8_9","ICD-9-CM to ICDA-8"
"555","422",0.949842214584351,"8_9","ICD-9-CM to ICDA-8"
"556","563",0.976951003074646,"8_9","ICD-9-CM to ICDA-8"
"557","424",0.944927155971527,"8_9","ICD-9-CM to ICDA-8"
"558","355",0.957150816917419,"8_9","ICD-9-CM to ICDA-8"
"562","562",0.99999988079071,"8_9","ICD-9-CM to ICDA-8"
"564","306",0.914352476596832,"8_9","ICD-9-CM to ICDA-8"
"571","563",0.968365609645844,"8_9","ICD-9-CM to ICDA-8"
"572","572",0.961102247238159,"8_9","ICD-9-CM to ICDA-8"
"573","573",1.00000023841858,"8_9","ICD-9-CM to ICDA-8"
"575","576",0.965501189231873,"8_9","ICD-9-CM to ICDA-8"
"576","508",0.956178188323975,"8_9","ICD-9-CM to ICDA-8"
"577","577",0.999999940395355,"8_9","ICD-9-CM to ICDA-8"
"579","462",0.943144857883453,"8_9","ICD-9-CM to ICDA-8"
"581","581",0.999999940395355,"8_9","ICD-9-CM to ICDA-8"
"582","582",0.986254453659058,"8_9","ICD-9-CM to ICDA-8"
"583","784",0.942343950271606,"8_9","ICD-9-CM to ICDA-8"
"585","582",0.973251581192017,"8_9","ICD-9-CM to ICDA-8"
"586","583",0.928842306137085,"8_9","ICD-9-CM to ICDA-8"
"587","584",0.950269341468811,"8_9","ICD-9-CM to ICDA-8"
"588","515",0.901196181774139,"8_9","ICD-9-CM to ICDA-8"
"590","590",1.00000023841858,"8_9","ICD-9-CM to ICDA-8"
"595","595",1.00000023841858,"8_9","ICD-9-CM to ICDA-8"
"596","596",0.98558896780014,"8_9","ICD-9-CM to ICDA-8"
"599","599",0.973401963710785,"8_9","ICD-9-CM to ICDA-8"
"600","600",1,"8_9","ICD-9-CM to ICDA-8"
"601","596",0.968842744827271,"8_9","ICD-9-CM to ICDA-8"
"607","771",0.943591952323914,"8_9","ICD-9-CM to ICDA-8"
"610","218",0.94087028503418,"8_9","ICD-9-CM to ICDA-8"
"614","612",0.937726557254791,"8_9","ICD-9-CM to ICDA-8"
"615","621",0.971451640129089,"8_9","ICD-9-CM to ICDA-8"
"617","582",0.95819103717804,"8_9","ICD-9-CM to ICDA-8"
"618","623",0.961877882480621,"8_9","ICD-9-CM to ICDA-8"
"619","939",0.943069219589233,"8_9","ICD-9-CM to ICDA-8"
"621","765",0.920929193496704,"8_9","ICD-9-CM to ICDA-8"
"625","781",0.892720401287079,"8_9","ICD-9-CM to ICDA-8"
"626","635",0.954634845256805,"8_9","ICD-9-CM to ICDA-8"
"627","627",0.963995158672333,"8_9","ICD-9-CM to ICDA-8"
"628","633",0.910142838954926,"8_9","ICD-9-CM to ICDA-8"
"629","629",0.981890261173248,"8_9","ICD-9-CM to ICDA-8"
"691","696",0.967304766178131,"8_9","ICD-9-CM to ICDA-8"
"694","702",0.952417373657227,"8_9","ICD-9-CM to ICDA-8"
"695","695",0.999999821186066,"8_9","ICD-9-CM to ICDA-8"
"696","696",0.999999523162842,"8_9","ICD-9-CM to ICDA-8"
"701","701",1.00000071525574,"8_9","ICD-9-CM to ICDA-8"
"705","705",0.99999988079071,"8_9","ICD-9-CM to ICDA-8"
"707","707",1.00000023841858,"8_9","ICD-9-CM to ICDA-8"
"710","734",0.980528652667999,"8_9","ICD-9-CM to ICDA-8"
"712","523",0.963891744613647,"8_9","ICD-9-CM to ICDA-8"
"713","775",0.934933006763458,"8_9","ICD-9-CM to ICDA-8"
"714","716",0.973340392112732,"8_9","ICD-9-CM to ICDA-8"
"715","721",0.964152693748474,"8_9","ICD-9-CM to ICDA-8"
"716","733",0.959837436676025,"8_9","ICD-9-CM to ICDA-8"
"717","724",0.968353748321533,"8_9","ICD-9-CM to ICDA-8"
"718","367",0.936498522758484,"8_9","ICD-9-CM to ICDA-8"
"719","727",0.949148535728455,"8_9","ICD-9-CM to ICDA-8"
"720","321",0.944538950920105,"8_9","ICD-9-CM to ICDA-8"
"721","721",0.967797338962555,"8_9","ICD-9-CM to ICDA-8"
"722","352",0.935629904270172,"8_9","ICD-9-CM to ICDA-8"
"730","732",0.960997223854065,"8_9","ICD-9-CM to ICDA-8"
"731","732",0.920756101608276,"8_9","ICD-9-CM to ICDA-8"
"732","721",0.970678210258484,"8_9","ICD-9-CM to ICDA-8"
"733","733",0.951611518859863,"8_9","ICD-9-CM to ICDA-8"
"735","826",0.9157874584198,"8_9","ICD-9-CM to ICDA-8"
"737","735",0.949021577835083,"8_9","ICD-9-CM to ICDA-8"
"740","674",0.927578210830688,"8_9","ICD-9-CM to ICDA-8"
"741","741",0.999999940395355,"8_9","ICD-9-CM to ICDA-8"
"742","743",0.996598720550537,"8_9","ICD-9-CM to ICDA-8"
"743","744",0.992410898208618,"8_9","ICD-9-CM to ICDA-8"
"744","745",0.995554447174072,"8_9","ICD-9-CM to ICDA-8"
"745","605",0.927759051322937,"8_9","ICD-9-CM to ICDA-8"
"746","746",0.986619174480438,"8_9","ICD-9-CM to ICDA-8"
"747","747",1.00000047683716,"8_9","ICD-9-CM to ICDA-8"
"748","748",1.00000011920929,"8_9","ICD-9-CM to ICDA-8"
"749","749",0.999999642372131,"8_9","ICD-9-CM to ICDA-8"
"750","750",0.999999821186066,"8_9","ICD-9-CM to ICDA-8"
"751","751",0.999999761581421,"8_9","ICD-9-CM to ICDA-8"
"752","752",1,"8_9","ICD-9-CM to ICDA-8"
"753","753",1,"8_9","ICD-9-CM to ICDA-8"
"754","756",0.956584453582764,"8_9","ICD-9-CM to ICDA-8"
"755","755",1.00000035762787,"8_9","ICD-9-CM to ICDA-8"
"756","756",0.977956891059875,"8_9","ICD-9-CM to ICDA-8"
"757","752",0.964103579521179,"8_9","ICD-9-CM to ICDA-8"
"758","576",0.92659330368042,"8_9","ICD-9-CM to ICDA-8"
"759","758",0.994707405567169,"8_9","ICD-9-CM to ICDA-8"
