"track","model","similarity_threshold","top_n","flag_combination","precision","recall","f1","accuracy"
"10_9","ClinicalBERT",0.95,3,1,0.522,0.326,0.401,0.251
"10_9","ClinicalBERT",0.95,3,2,0.489,0.295,0.368,0.225
"10_9","ClinicalBERT",0.95,3,3,0.593,0.268,0.369,0.226
"10_9","ClinicalBERT",0.95,3,4,0.49,0.358,0.414,0.26
"10_9","ClinicalBERT",0.95,5,1,0.525,0.335,0.409,0.257
"10_9","ClinicalBERT",0.95,5,2,0.444,0.313,0.367,0.225
"10_9","ClinicalBERT",0.95,5,3,0.519,0.299,0.379,0.234
"10_9","ClinicalBERT",0.95,5,4,0.454,0.382,0.415,0.262
"10_9","ClinicalBERT",0.95,10,1,0.524,0.336,0.409,0.258
"10_9","ClinicalBERT",0.95,10,2,0.376,0.335,0.354,0.215
"10_9","ClinicalBERT",0.95,10,3,0.432,0.342,0.382,0.236
"10_9","ClinicalBERT",0.95,10,4,0.392,0.404,0.398,0.249
"10_9","ClinicalBERT",0.95,15,1,0.525,0.337,0.41,0.258
"10_9","ClinicalBERT",0.95,15,2,0.348,0.359,0.353,0.215
"10_9","ClinicalBERT",0.95,15,3,0.394,0.371,0.382,0.236
"10_9","ClinicalBERT",0.95,15,4,0.366,0.428,0.395,0.246
"10_9","ClinicalBERT",0.99,3,1,0.556,0.313,0.401,0.25
"10_9","ClinicalBERT",0.99,3,2,0.558,0.184,0.277,0.16
"10_9","ClinicalBERT",0.99,3,3,0.69,0.242,0.358,0.218
"10_9","ClinicalBERT",0.99,3,4,0.56,0.319,0.406,0.255
"10_9","ClinicalBERT",0.99,5,1,0.558,0.322,0.408,0.257
"10_9","ClinicalBERT",0.99,5,2,0.557,0.187,0.28,0.163
"10_9","ClinicalBERT",0.99,5,3,0.681,0.261,0.377,0.233
"10_9","ClinicalBERT",0.99,5,4,0.561,0.332,0.417,0.264
"10_9","ClinicalBERT",0.99,10,1,0.557,0.323,0.409,0.257
"10_9","ClinicalBERT",0.99,10,2,0.546,0.19,0.282,0.164
"10_9","ClinicalBERT",0.99,10,3,0.673,0.283,0.398,0.249
"10_9","ClinicalBERT",0.99,10,4,0.554,0.336,0.418,0.264
"10_9","ClinicalBERT",0.99,15,1,0.558,0.324,0.41,0.258
"10_9","ClinicalBERT",0.99,15,2,0.541,0.191,0.282,0.164
"10_9","ClinicalBERT",0.99,15,3,0.661,0.291,0.404,0.253
"10_9","ClinicalBERT",0.99,15,4,0.551,0.338,0.419,0.265
"10_9","ClinicalBERT",0.995,3,1,0.581,0.311,0.405,0.254
"10_9","ClinicalBERT",0.995,3,2,0.576,0.161,0.252,0.144
"10_9","ClinicalBERT",0.995,3,3,0.69,0.24,0.356,0.217
"10_9","ClinicalBERT",0.995,3,4,0.584,0.315,0.409,0.257
"10_9","ClinicalBERT",0.995,5,1,0.583,0.32,0.413,0.26
"10_9","ClinicalBERT",0.995,5,2,0.578,0.162,0.253,0.145
"10_9","ClinicalBERT",0.995,5,3,0.687,0.257,0.374,0.23
"10_9","ClinicalBERT",0.995,5,4,0.587,0.326,0.419,0.265
"10_9","ClinicalBERT",0.995,10,1,0.581,0.321,0.414,0.261
"10_9","ClinicalBERT",0.995,10,2,0.572,0.164,0.255,0.146
"10_9","ClinicalBERT",0.995,10,3,0.686,0.277,0.395,0.246
"10_9","ClinicalBERT",0.995,10,4,0.582,0.329,0.42,0.266
"10_9","ClinicalBERT",0.995,15,1,0.582,0.322,0.415,0.262
"10_9","ClinicalBERT",0.995,15,2,0.574,0.165,0.256,0.147
"10_9","ClinicalBERT",0.995,15,3,0.684,0.286,0.403,0.253
"10_9","ClinicalBERT",0.995,15,4,0.584,0.331,0.423,0.268
"10_9","ClinicalBERT",0.999,3,1,0.597,0.302,0.401,0.251
"10_9","ClinicalBERT",0.999,3,2,0.587,0.14,0.226,0.127
"10_9","ClinicalBERT",0.999,3,3,0.686,0.236,0.351,0.213
"10_9","ClinicalBERT",0.999,3,4,0.599,0.304,0.403,0.253
"10_9","ClinicalBERT",0.999,5,1,0.599,0.313,0.411,0.259
"10_9","ClinicalBERT",0.999,5,2,0.587,0.14,0.226,0.127
"10_9","ClinicalBERT",0.999,5,3,0.684,0.252,0.368,0.226
"10_9","ClinicalBERT",0.999,5,4,0.601,0.315,0.413,0.26
"10_9","ClinicalBERT",0.999,10,1,0.598,0.314,0.412,0.259
"10_9","ClinicalBERT",0.999,10,2,0.589,0.141,0.228,0.128
"10_9","ClinicalBERT",0.999,10,3,0.69,0.269,0.387,0.24
"10_9","ClinicalBERT",0.999,10,4,0.6,0.317,0.415,0.262
"10_9","ClinicalBERT",0.999,15,1,0.598,0.315,0.413,0.26
"10_9","ClinicalBERT",0.999,15,2,0.589,0.141,0.228,0.128
"10_9","ClinicalBERT",0.999,15,3,0.689,0.276,0.394,0.246
"10_9","ClinicalBERT",0.999,15,4,0.601,0.318,0.416,0.263
"10_9","SapBERT",0.95,3,1,0.706,0.39,0.502,0.335
"10_9","SapBERT",0.95,3,2,0.832,0.318,0.46,0.299
"10_9","SapBERT",0.95,3,3,0.701,0.255,0.374,0.23
"10_9","SapBERT",0.95,3,4,0.709,0.395,0.507,0.34
"10_9","SapBERT",0.95,5,1,0.704,0.398,0.509,0.341
"10_9","SapBERT",0.95,5,2,0.819,0.323,0.463,0.302
"10_9","SapBERT",0.95,5,3,0.695,0.285,0.404,0.253
"10_9","SapBERT",0.95,5,4,0.701,0.408,0.516,0.347
"10_9","SapBERT",0.95,10,1,0.701,0.398,0.508,0.34
"10_9","SapBERT",0.95,10,2,0.817,0.334,0.474,0.311
"10_9","SapBERT",0.95,10,3,0.709,0.322,0.443,0.285
"10_9","SapBERT",0.95,10,4,0.7,0.418,0.523,0.355
"10_9","SapBERT",0.95,15,1,0.701,0.398,0.508,0.34
"10_9","SapBERT",0.95,15,2,0.805,0.335,0.473,0.31
"10_9","SapBERT",0.95,15,3,0.706,0.338,0.457,0.297
"10_9","SapBERT",0.95,15,4,0.693,0.419,0.522,0.354
"10_9","SapBERT",0.99,3,1,0.708,0.383,0.497,0.331
"10_9","SapBERT",0.99,3,2,0.845,0.297,0.44,0.281
"10_9","SapBERT",0.99,3,3,0.696,0.25,0.368,0.225
"10_9","SapBERT",0.99,3,4,0.708,0.383,0.497,0.331
"10_9","SapBERT",0.99,5,1,0.706,0.393,0.505,0.338
"10_9","SapBERT",0.99,5,2,0.845,0.297,0.44,0.281
"10_9","SapBERT",0.99,5,3,0.699,0.275,0.395,0.246
"10_9","SapBERT",0.99,5,4,0.706,0.393,0.505,0.338
"10_9","SapBERT",0.99,10,1,0.704,0.393,0.504,0.337
"10_9","SapBERT",0.99,10,2,0.846,0.299,0.442,0.283
"10_9","SapBERT",0.99,10,3,0.711,0.302,0.424,0.269
"10_9","SapBERT",0.99,10,4,0.705,0.395,0.506,0.339
"10_9","SapBERT",0.99,15,1,0.704,0.393,0.504,0.337
"10_9","SapBERT",0.99,15,2,0.846,0.299,0.442,0.283
"10_9","SapBERT",0.99,15,3,0.717,0.316,0.439,0.281
"10_9","SapBERT",0.99,15,4,0.705,0.395,0.506,0.339
"10_9","SapBERT",0.995,3,1,0.708,0.381,0.495,0.329
"10_9","SapBERT",0.995,3,2,0.846,0.293,0.435,0.279
"10_9","SapBERT",0.995,3,3,0.696,0.25,0.368,0.225
"10_9","SapBERT",0.995,3,4,0.708,0.381,0.495,0.329
"10_9","SapBERT",0.995,5,1,0.707,0.391,0.504,0.336
"10_9","SapBERT",0.995,5,2,0.846,0.293,0.435,0.279
"10_9","SapBERT",0.995,5,3,0.701,0.275,0.395,0.246
"10_9","SapBERT",0.995,5,4,0.707,0.391,0.504,0.336
"10_9","SapBERT",0.995,10,1,0.704,0.391,0.503,0.335
"10_9","SapBERT",0.995,10,2,0.847,0.296,0.439,0.281
"10_9","SapBERT",0.995,10,3,0.712,0.301,0.423,0.268
"10_9","SapBERT",0.995,10,4,0.705,0.393,0.505,0.337
"10_9","SapBERT",0.995,15,1,0.704,0.391,0.503,0.335
"10_9","SapBERT",0.995,15,2,0.847,0.296,0.439,0.281
"10_9","SapBERT",0.995,15,3,0.718,0.315,0.438,0.28
"10_9","SapBERT",0.995,15,4,0.705,0.393,0.505,0.337
"10_9","SapBERT",0.999,3,1,0.708,0.38,0.495,0.328
"10_9","SapBERT",0.999,3,2,0.845,0.29,0.432,0.276
"10_9","SapBERT",0.999,3,3,0.696,0.249,0.367,0.224
"10_9","SapBERT",0.999,3,4,0.708,0.38,0.495,0.328
"10_9","SapBERT",0.999,5,1,0.706,0.39,0.502,0.335
"10_9","SapBERT",0.999,5,2,0.845,0.29,0.432,0.276
"10_9","SapBERT",0.999,5,3,0.7,0.274,0.394,0.245
"10_9","SapBERT",0.999,5,4,0.706,0.39,0.502,0.335
"10_9","SapBERT",0.999,10,1,0.703,0.39,0.502,0.335
"10_9","SapBERT",0.999,10,2,0.845,0.291,0.433,0.277
"10_9","SapBERT",0.999,10,3,0.711,0.299,0.421,0.266
"10_9","SapBERT",0.999,10,4,0.704,0.391,0.503,0.335
"10_9","SapBERT",0.999,15,1,0.703,0.39,0.502,0.335
"10_9","SapBERT",0.999,15,2,0.845,0.291,0.433,0.277
"10_9","SapBERT",0.999,15,3,0.716,0.313,0.436,0.278
"10_9","SapBERT",0.999,15,4,0.704,0.391,0.503,0.335
